2017-06-22,0VeZZD26dOsSbQVG,5,KTC-1160,irmshred
2017-06-22,20Ugu4gbSP7gKlSL,1,KTC-1829,ccbcc-warehouse
2017-06-22,2B6XgQto7l2rWpZH,7,KTC-1767,ccbcc-drivers
2017-06-22,2FfxJLKTnnk1zCUD,2,KTC-1187,irmshred
2017-06-22,30nbIhzxOVIrKo12,1,KTC-1109,irmshred
2017-06-22,346k5xxuOFA4ymxf,1,KTC-1830,ccbcc-warehouse
2017-06-22,3JboG5sbSnatMg2M,10,KTC-1710,catreman
2017-06-22,3PWFV0JKQhKdYDAS,1,KTC-1629,catreman
2017-06-22,3ag9ujKcvrwwa8OE,2,KTC-1649,catreman
2017-06-22,3z8eh774q1JM1utx,1,KTC-1689,catreman
2017-06-22,4Am9OqvsfI2sEI72,12,KTC-1133,irmshred
2017-06-22,5zzgHRi8TN0ulZrv,1,KTC-1827,ccbcc-warehouse
2017-06-22,6WwaB4zXCkloUjFK,3,KTC-1636,catreman
2017-06-22,6hP50W0lzhH1Pb3K,3,KTC-1634,catreman
2017-06-22,78QUCFfRDVXXMq94,1,KTC-1672,catreman
2017-06-22,7PGHETBXwyipwZK5,7,KTC-1721,ccbcc-drivers
2017-06-22,7tXitn4J9V7uR0Vb,8,KTC-1191,irmshred
2017-06-22,8je8fbShpEVMZNXA,17,KTC-1190,irmshred
2017-06-22,9I8vJzFpUo3CyBbU,5,KTC-1682,catreman
2017-06-22,9opDAiQn2YQRB3Ke,4,KTC-1706,catreman
2017-06-22,9w2WmAAlunQFhobc,11,KTC-1678,catreman
2017-06-22,Am3Yp4Tx2R2rugHX,1,KTC-1114,irmshred
2017-06-22,BdLHqXKhX4ylg5i9,5,KTC-1695,catreman
2017-06-22,Bdau1FK2unTN6yB3,1,KTC-1161,irmshred
2017-06-22,BxMkECW4qarPquTZ,1,KTC-1162,irmshred
2017-06-22,CY3tbuSmNpHhm7ZL,25,KTC-1128,irmshred
2017-06-22,DOE6cZp5BoFGB4nv,1,KTC-1129,irmshred
2017-06-22,DXx06W2jD2mxLJjb,28,KTC-1661,catreman
2017-06-22,ENtatbpaa7uuluwc,5,KTC-1647,catreman
2017-06-22,EZBMYSfLkiTnq12v,10,KTC-1715,catreman
2017-06-22,EhrUAiQ79ru6JMbH,3,KTC-1120,irmshred
2017-06-22,EjhMX0QOxiNdLJvC,7,KTC-1193,irmshred
2017-06-22,FFsAkZC8jqGXc9cB,3,KTC-1781,ccbcc-drivers
2017-06-22,FTHBNxzmjej3ChFa,45,KTC-1638,catreman
2017-06-22,FhUN4wS09v50iwq4,1,KTC-1759,ccbcc-drivers
2017-06-22,FntnUT1VbWW2erjh,2,KTC-1044,irmshred
2017-06-22,GMVpKEUrwDHnYHV9,4,KTC-1205,irmshred
2017-06-22,H6yoX06DOktiFWJ6,7,KTC-1788,ccbcc-drivers
2017-06-22,Hk86as0sjRvgk4xL,3,KTC-1628,catreman
2017-06-22,ISjqKHri4Q303CkB,2,KTC-1700,catreman
2017-06-22,IXsT5xqhLA3745QD,6,KTC-1681,catreman
2017-06-22,IYMwtdqLuRmp8lQi,8,KTC-1686,catreman
2017-06-22,J3r0OK5680BQ74bF,1,KTC-1720,ccbcc-drivers
2017-06-22,JMeWirPq2WoJnTBm,4,KTC-1617,catreman
2017-06-22,K2X0i7WMx8lhPCMK,1,KTC-1614,catreman
2017-06-22,KcMbK7F2WfVCvRnr,13,KTC-1635,catreman
2017-06-22,L6tsxudRI30zzaBq,6,KTC-1683,catreman
2017-06-22,LDI2K7T4mytvpvE1,4,KTC-1703,catreman
2017-06-22,LPBOFabPS05whmxw,5,KTC-1657,catreman
2017-06-22,LTwcJ2yDKEhGvFm5,2,KTC-1383,catreman
2017-06-22,M1CbXK4IRK6kGQZr,1,KTC-1643,catreman
2017-06-22,MYgBcFL7A2hEiE3i,7,KTC-1821,ccbcc-warehouse
2017-06-22,MxwwNyTPsXCMaH2v,3,KTC-1746,ccbcc-drivers
2017-06-22,N6EcuzzmSPxu6pyG,3,KTC-1164,irmshred
2017-06-22,NJa2MdqS4jN3MknF,5,KTC-1716,catreman
2017-06-22,OFcGK2TYwFJueXhW,7,KTC-1824,ccbcc-warehouse
2017-06-22,OiQL6Kn87EmDBBd6,39,KTC-1849,ccbcc-warehouse
2017-06-22,P0UP2rjuRjTUJm7b,21,KTC-1846,ccbcc-warehouse
2017-06-22,PEHBbghFyncAY20S,2,KTC-1719,ccbcc-drivers
2017-06-22,PpJYoXFr05GLig5G,18,KTC-1662,catreman
2017-06-22,Q3GwimHWStq94LvM,2,KTC-1158,irmshred
2017-06-22,Q9T7SBbRe2Aw4zNv,9,KTC-1701,catreman
2017-06-22,QwMqh2wmTjFsuZ8F,3,KTC-1798,ccbcc-drivers
2017-06-22,RLMY2c2L8RmxRCFp,5,KTC-1195,irmshred
2017-06-22,RepIOek3pYjjtJM1,1,KTC-1108,irmshred
2017-06-22,RkxJCCiKpc5ExJ4J,1,KTC-1777,ccbcc-drivers
2017-06-22,TU8dEDhTjmQ43iWY,4,KTC-1329,catreman
2017-06-22,TiYEoErSIixhWbTO,2,KTC-1800,ccbcc-drivers
2017-06-22,TwThJBQrsbYVjrsC,9,KTC-1630,catreman
2017-06-22,UNsaXXcZ5NjY8VLK,4,KTC-1655,catreman
2017-06-22,UdRDEXIthQ1qb6uk,1,KTC-1714,catreman
2017-06-22,Uqzch5fshhe480k5,1,KTC-1204,irmshred
2017-06-22,UrJKfq9y2Ugc7F09,12,KTC-1674,catreman
2017-06-22,W80S12XGG6O6Arsb,1,KTC-1839,ccbcc-warehouse
2017-06-22,WkNiXONvWQuHfmsX,46,KTC-1620,catreman
2017-06-22,WmB6N7JrHJP2z4v7,3,KTC-1132,irmshred
2017-06-22,WuhgknoYbuPDLtmQ,5,KTC-1702,catreman
2017-06-22,Y1EwbVfmSHaGMdij,1,KTC-1648,catreman
2017-06-22,YpYXzJVYR8i45wQJ,2,KTC-1760,ccbcc-drivers
2017-06-22,aD1obGpqC1rEPzvR,1,KTC-1783,ccbcc-drivers
2017-06-22,aPQCjvx3sigVFtOV,12,KTC-1797,ccbcc-drivers
2017-06-22,bXDc3i8kkGub2yGU,1,KTC-1713,catreman
2017-06-22,bdeOLve9kNHRgctj,1,KTC-1642,catreman
2017-06-22,ccLcyqaBVwhVaieu,8,KTC-1396,catreman
2017-06-22,ctoK5sRyHXHt9xML,5,KTC-1735,ccbcc-drivers
2017-06-22,czb0WEarn2RgNKgD,1,KTC-1764,ccbcc-drivers
2017-06-22,dFKZrgaSaAD9amA3,2,KTC-1687,catreman
2017-06-22,dOda8VuzqvRQ5B8C,1,KTC-1793,ccbcc-drivers
2017-06-22,emHRFqtWAtQSz0vG,3,KTC-1126,irmshred
2017-06-22,fB4iyPmCdLilBEWm,4,KTC-1125,irmshred
2017-06-22,fH4LLom1IfPvR7rA,10,KTC-1626,catreman
2017-06-22,gfpPjXYCb4bzUUrq,18,KTC-1693,catreman
2017-06-22,hUOb0ghy1lD0wa5C,49,KTC-1815,ccbcc-warehouse
2017-06-22,hVrZIFHjZcdITvcZ,4,KTC-1157,irmshred
2017-06-22,i7hYg3SOMysvwWYE,19,KTC-1659,catreman
2017-06-22,iQOCAPKMPGe5hbN7,14,KTC-1808,ccbcc-warehouse
2017-06-22,ihQiXCArrIKpcAvv,2,KTC-1113,irmshred
2017-06-22,iiDiCF1MzjEBNBvp,1,KTC-1165,irmshred
2017-06-22,k4BwgCldV6cTyXUB,4,KTC-1717,ccbcc-drivers
2017-06-22,kEA2rZ45A0mVwH3t,1,KTC-1663,catreman
2017-06-22,kiDaTIMtkFGACmKs,10,KTC-1705,catreman
2017-06-22,kkG8k7e4gHMuGX0f,10,KTC-1621,catreman
2017-06-22,mBW3TotxRjjxLIO2,1,KTC-1792,ccbcc-drivers
2017-06-22,mU9ANrJnxqOAVP1S,8,KTC-1403,catreman
2017-06-22,nC1T6K2M4vrnD2xT,5,KTC-1207,irmshred
2017-06-22,nZjh4uV4O4wndrV4,10,KTC-1623,catreman
2017-06-22,o72ICinzIg7SwvOX,9,KTC-1625,catreman
2017-06-22,oDLOLZPLIcu2rDwI,4,KTC-1699,catreman
2017-06-22,oRqxI3B5jFqyyH2B,9,KTC-1852,ccbcc-warehouse
2017-06-22,ocJnqwuskxw4rnzK,6,KTC-1199,irmshred
2017-06-22,ofa4gVPgJPWf68IM,5,KTC-1745,ccbcc-drivers
2017-06-22,pAUd9FTwraKYz8JW,4,KTC-1390,catreman
2017-06-22,pRsqjHpgUbWaf0ar,16,KTC-1645,catreman
2017-06-22,pgzmmgSJl5yMBTid,2,KTC-1124,irmshred
2017-06-22,rGIIEqEheJupUTld,3,KTC-1665,catreman
2017-06-22,rWANKyYchaOucFpr,2,KTC-1730,ccbcc-drivers
2017-06-22,ry7v01zSTG0MfM1p,3,KTC-1641,catreman
2017-06-22,sE3XqrWjd8dJWjnd,3,KTC-1136,irmshred
2017-06-22,seSgyb47sujaj2tk,1,KTC-1405,catreman
2017-06-22,sxb0eYI5KbFvhgWq,3,KTC-1135,irmshred
2017-06-22,tg9SkIWUvMYxCFYk,2,KTC-1622,catreman
2017-06-22,ti2UUvNvMTllZ5yG,8,KTC-1679,catreman
2017-06-22,uFTcFADvJQAVM2AJ,1,KTC-1802,ccbcc-warehouse
2017-06-22,uKRciPebLqDElOYN,13,KTC-1688,catreman
2017-06-22,urVbjB2ApPEOkzhr,7,KTC-1660,catreman
2017-06-22,wKt3RFQgy6KMlJFg,2,KTC-1115,irmshred
2017-06-22,wQ3TkqXh4LVSsB9N,10,KTC-1708,catreman
2017-06-22,wpLEnrjTPweUUnEd,2,KTC-1166,irmshred
2017-06-22,x014qAVM46fFsZFN,6,KTC-1684,catreman
2017-06-22,xilQBMd8i4cCsk54,5,KTC-1704,catreman
2017-06-22,yEyv52S74BCtOcs1,7,KTC-1707,catreman
2017-06-23,0eV8LLiL8tKfrqKj,1,KTC-1656,catreman
2017-06-23,2B6XgQto7l2rWpZH,4,KTC-1767,ccbcc-drivers
2017-06-23,2FfxJLKTnnk1zCUD,4,KTC-1187,irmshred
2017-06-23,3Sk6gtptnyhX1HrL,4,KTC-1859,ccbcc-warehouse
2017-06-23,3ag9ujKcvrwwa8OE,11,KTC-1649,catreman
2017-06-23,3vMzzXumHGPjDwY7,7,KTC-1712,catreman
2017-06-23,3z8eh774q1JM1utx,1,KTC-1689,catreman
2017-06-23,4GpfmTYgU17U44Gz,4,KTC-1644,catreman
2017-06-23,4IGOU6D7oXBW1yKy,1,KTC-1768,ccbcc-drivers
2017-06-23,4nJJ08V34kFf3tav,1,KTC-1188,irmshred
2017-06-23,5zzgHRi8TN0ulZrv,7,KTC-1827,ccbcc-warehouse
2017-06-23,6WwaB4zXCkloUjFK,3,KTC-1636,catreman
2017-06-23,6hP50W0lzhH1Pb3K,3,KTC-1634,catreman
2017-06-23,7LVh0jXtl9srmxQ8,21,KTC-1857,ccbcc-warehouse
2017-06-23,7PGHETBXwyipwZK5,3,KTC-1721,ccbcc-drivers
2017-06-23,9I8vJzFpUo3CyBbU,5,KTC-1682,catreman
2017-06-23,9opDAiQn2YQRB3Ke,7,KTC-1706,catreman
2017-06-23,9w2WmAAlunQFhobc,2,KTC-1678,catreman
2017-06-23,BdLHqXKhX4ylg5i9,2,KTC-1695,catreman
2017-06-23,CY3tbuSmNpHhm7ZL,1,KTC-1128,irmshred
2017-06-23,CrVqNCUA1TGKEnt7,23,KTC-1885,ccbcc-warehouse
2017-06-23,DOE6cZp5BoFGB4nv,2,KTC-1129,irmshred
2017-06-23,DXx06W2jD2mxLJjb,22,KTC-1661,catreman
2017-06-23,ENtatbpaa7uuluwc,5,KTC-1647,catreman
2017-06-23,EZBMYSfLkiTnq12v,9,KTC-1715,catreman
2017-06-23,EjhMX0QOxiNdLJvC,3,KTC-1193,irmshred
2017-06-23,FFsAkZC8jqGXc9cB,3,KTC-1781,ccbcc-drivers
2017-06-23,FTHBNxzmjej3ChFa,28,KTC-1638,catreman
2017-06-23,H6yoX06DOktiFWJ6,17,KTC-1788,ccbcc-drivers
2017-06-23,I2wvNuvBJyzgrv1c,2,KTC-1858,ccbcc-warehouse
2017-06-23,ISjqKHri4Q303CkB,1,KTC-1700,catreman
2017-06-23,IYMwtdqLuRmp8lQi,7,KTC-1686,catreman
2017-06-23,IjjlJ1cl9wY58PZU,1,KTC-1847,ccbcc-warehouse
2017-06-23,J3r0OK5680BQ74bF,4,KTC-1720,ccbcc-drivers
2017-06-23,JMeWirPq2WoJnTBm,3,KTC-1617,catreman
2017-06-23,JPpKmh3VjMSenuB3,1,KTC-1633,catreman
2017-06-23,KcMbK7F2WfVCvRnr,12,KTC-1635,catreman
2017-06-23,L6tsxudRI30zzaBq,11,KTC-1683,catreman
2017-06-23,LDI2K7T4mytvpvE1,5,KTC-1703,catreman
2017-06-23,LPBOFabPS05whmxw,7,KTC-1657,catreman
2017-06-23,LTwcJ2yDKEhGvFm5,1,KTC-1383,catreman
2017-06-23,M1CbXK4IRK6kGQZr,2,KTC-1643,catreman
2017-06-23,MYgBcFL7A2hEiE3i,3,KTC-1821,ccbcc-warehouse
2017-06-23,MxwwNyTPsXCMaH2v,2,KTC-1746,ccbcc-drivers
2017-06-23,NJa2MdqS4jN3MknF,5,KTC-1716,catreman
2017-06-23,ONONETM0B1rjbz8u,2,KTC-1685,catreman
2017-06-23,OiQL6Kn87EmDBBd6,1,KTC-1849,ccbcc-warehouse
2017-06-23,Opo4aBNmrY50e933,11,KTC-1799,ccbcc-drivers
2017-06-23,P80mJ6zQLtMMnl1S,3,KTC-1127,irmshred
2017-06-23,PpJYoXFr05GLig5G,17,KTC-1662,catreman
2017-06-23,Q9T7SBbRe2Aw4zNv,7,KTC-1701,catreman
2017-06-23,QwMqh2wmTjFsuZ8F,1,KTC-1798,ccbcc-drivers
2017-06-23,RLMY2c2L8RmxRCFp,2,KTC-1195,irmshred
2017-06-23,RddVUhCLDc5Y9Ig4,1,KTC-1762,ccbcc-drivers
2017-06-23,TU8dEDhTjmQ43iWY,3,KTC-1329,catreman
2017-06-23,TiYEoErSIixhWbTO,3,KTC-1800,ccbcc-drivers
2017-06-23,TwThJBQrsbYVjrsC,10,KTC-1630,catreman
2017-06-23,UNsaXXcZ5NjY8VLK,1,KTC-1655,catreman
2017-06-23,Uqzch5fshhe480k5,5,KTC-1204,irmshred
2017-06-23,UrJKfq9y2Ugc7F09,4,KTC-1674,catreman
2017-06-23,W80S12XGG6O6Arsb,2,KTC-1839,ccbcc-warehouse
2017-06-23,WkNiXONvWQuHfmsX,45,KTC-1620,catreman
2017-06-23,WmB6N7JrHJP2z4v7,1,KTC-1132,irmshred
2017-06-23,WuhgknoYbuPDLtmQ,3,KTC-1702,catreman
2017-06-23,YpYXzJVYR8i45wQJ,1,KTC-1760,ccbcc-drivers
2017-06-23,aD1obGpqC1rEPzvR,3,KTC-1783,ccbcc-drivers
2017-06-23,aEHDYJFPVNNc2ZJQ,3,KTC-1794,ccbcc-drivers
2017-06-23,aPQCjvx3sigVFtOV,3,KTC-1797,ccbcc-drivers
2017-06-23,bE9t9YjgI8vKq5Ok,1,KTC-1676,catreman
2017-06-23,bdeOLve9kNHRgctj,2,KTC-1642,catreman
2017-06-23,cMMxDgegrOxJZUAN,1,KTC-1785,ccbcc-drivers
2017-06-23,ccLcyqaBVwhVaieu,3,KTC-1396,catreman
2017-06-23,ck1CArY76D4Kq54t,1,KTC-1886,ccbcc-warehouse
2017-06-23,ctoK5sRyHXHt9xML,4,KTC-1735,ccbcc-drivers
2017-06-23,czb0WEarn2RgNKgD,3,KTC-1764,ccbcc-drivers
2017-06-23,ejC7ryI5wQMDwhF2,2,KTC-1652,catreman
2017-06-23,fB4iyPmCdLilBEWm,2,KTC-1125,irmshred
2017-06-23,fH4LLom1IfPvR7rA,12,KTC-1626,catreman
2017-06-23,gfpPjXYCb4bzUUrq,1,KTC-1693,catreman
2017-06-23,hUOb0ghy1lD0wa5C,40,KTC-1815,ccbcc-warehouse
2017-06-23,i7hYg3SOMysvwWYE,18,KTC-1659,catreman
2017-06-23,iQOCAPKMPGe5hbN7,11,KTC-1808,ccbcc-warehouse
2017-06-23,k4BwgCldV6cTyXUB,2,KTC-1717,ccbcc-drivers
2017-06-23,kKG7WVCRwI4BC4JT,4,KTC-1771,ccbcc-drivers
2017-06-23,kiDaTIMtkFGACmKs,14,KTC-1705,catreman
2017-06-23,kkG8k7e4gHMuGX0f,10,KTC-1621,catreman
2017-06-23,mBW3TotxRjjxLIO2,1,KTC-1792,ccbcc-drivers
2017-06-23,mU9ANrJnxqOAVP1S,7,KTC-1403,catreman
2017-06-23,nZjh4uV4O4wndrV4,7,KTC-1623,catreman
2017-06-23,o72ICinzIg7SwvOX,2,KTC-1625,catreman
2017-06-23,oDLOLZPLIcu2rDwI,2,KTC-1699,catreman
2017-06-23,ocJnqwuskxw4rnzK,4,KTC-1199,irmshred
2017-06-23,ofa4gVPgJPWf68IM,7,KTC-1745,ccbcc-drivers
2017-06-23,pAUd9FTwraKYz8JW,11,KTC-1390,catreman
2017-06-23,rGIIEqEheJupUTld,1,KTC-1665,catreman
2017-06-23,rWANKyYchaOucFpr,2,KTC-1730,ccbcc-drivers
2017-06-23,sE3XqrWjd8dJWjnd,1,KTC-1136,irmshred
2017-06-23,seSgyb47sujaj2tk,1,KTC-1405,catreman
2017-06-23,sxb0eYI5KbFvhgWq,2,KTC-1135,irmshred
2017-06-23,tIuG7VXeXkM8GCl8,3,KTC-1757,syscoboston
2017-06-23,tg9SkIWUvMYxCFYk,5,KTC-1622,catreman
2017-06-23,ti2UUvNvMTllZ5yG,13,KTC-1679,catreman
2017-06-23,uKRciPebLqDElOYN,5,KTC-1688,catreman
2017-06-23,uWaKElnpGxLM5xNr,4,KTC-1862,ccbcc-warehouse
2017-06-23,urVbjB2ApPEOkzhr,2,KTC-1660,catreman
2017-06-23,wKt3RFQgy6KMlJFg,2,KTC-1115,irmshred
2017-06-23,wQ3TkqXh4LVSsB9N,4,KTC-1708,catreman
2017-06-23,x014qAVM46fFsZFN,19,KTC-1684,catreman
2017-06-23,xilQBMd8i4cCsk54,2,KTC-1704,catreman
2017-06-23,yEyv52S74BCtOcs1,7,KTC-1707,catreman
2017-06-24,1GcB9ocRDE3J1can,2,KTC-1835,ccbcc-warehouse
2017-06-24,346k5xxuOFA4ymxf,2,KTC-1830,ccbcc-warehouse
2017-06-24,7LVh0jXtl9srmxQ8,9,KTC-1857,ccbcc-warehouse
2017-06-24,CrVqNCUA1TGKEnt7,26,KTC-1885,ccbcc-warehouse
2017-06-24,DjnzoAdO7nEfxmIt,2,KTC-1241,cintasgb
2017-06-24,FFsAkZC8jqGXc9cB,6,KTC-1781,ccbcc-drivers
2017-06-24,MYgBcFL7A2hEiE3i,3,KTC-1821,ccbcc-warehouse
2017-06-24,MxwwNyTPsXCMaH2v,1,KTC-1746,ccbcc-drivers
2017-06-24,Opo4aBNmrY50e933,12,KTC-1799,ccbcc-drivers
2017-06-24,PAK0WLh4dUMLRvh1,5,KTC-1825,ccbcc-warehouse
2017-06-24,RRAwSLR2KqbTB0Zp,8,KTC-1761,ccbcc-drivers
2017-06-24,RepIOek3pYjjtJM1,9,KTC-1108,irmshred
2017-06-24,RkxJCCiKpc5ExJ4J,1,KTC-1777,ccbcc-drivers
2017-06-24,aD1obGpqC1rEPzvR,1,KTC-1783,ccbcc-drivers
2017-06-24,czb0WEarn2RgNKgD,2,KTC-1764,ccbcc-drivers
2017-06-24,hUOb0ghy1lD0wa5C,29,KTC-1815,ccbcc-warehouse
2017-06-24,rWANKyYchaOucFpr,8,KTC-1730,ccbcc-drivers
2017-06-24,uFTcFADvJQAVM2AJ,1,KTC-1802,ccbcc-warehouse
2017-06-24,uWaKElnpGxLM5xNr,3,KTC-1862,ccbcc-warehouse
2017-06-25,DjnzoAdO7nEfxmIt,1,KTC-1241,cintasgb
2017-06-25,rWANKyYchaOucFpr,7,KTC-1730,ccbcc-drivers
2017-06-26,0VeZZD26dOsSbQVG,4,KTC-1160,irmshred
2017-06-26,1H6oyNtMdTcBNpc8,3,KTC-1654,catreman
2017-06-26,24iM4TsHgnR2moKi,3,KTC-1690,catreman
2017-06-26,2FfxJLKTnnk1zCUD,4,KTC-1187,irmshred
2017-06-26,2qayz9rltJu6NaVt,1,KTC-1399,catreman
2017-06-26,30nbIhzxOVIrKo12,6,KTC-1109,irmshred
2017-06-26,3JboG5sbSnatMg2M,8,KTC-1710,catreman
2017-06-26,3ag9ujKcvrwwa8OE,2,KTC-1649,catreman
2017-06-26,3z8eh774q1JM1utx,1,KTC-1689,catreman
2017-06-26,4Am9OqvsfI2sEI72,9,KTC-1133,irmshred
2017-06-26,4DW5egB41frndUUx,20,KTC-1820,ccbcc-warehouse
2017-06-26,4nJJ08V34kFf3tav,1,KTC-1188,irmshred
2017-06-26,5RAYOhg9WJcXQGyS,1,KTC-1200,irmshred
2017-06-26,6WwaB4zXCkloUjFK,12,KTC-1636,catreman
2017-06-26,6hP50W0lzhH1Pb3K,4,KTC-1634,catreman
2017-06-26,7LVh0jXtl9srmxQ8,11,KTC-1857,ccbcc-warehouse
2017-06-26,7PGHETBXwyipwZK5,6,KTC-1721,ccbcc-drivers
2017-06-26,7tXitn4J9V7uR0Vb,3,KTC-1191,irmshred
2017-06-26,9opDAiQn2YQRB3Ke,4,KTC-1706,catreman
2017-06-26,9w2WmAAlunQFhobc,9,KTC-1678,catreman
2017-06-26,AfzkRgzIe1mN7F2F,5,KTC-1615,catreman
2017-06-26,B4TURmeoEXCC9Kao,2,KTC-1203,irmshred
2017-06-26,B7rg7wW5LWAZHzvs,4,KTC-1669,catreman
2017-06-26,BdLHqXKhX4ylg5i9,1,KTC-1695,catreman
2017-06-26,Bdau1FK2unTN6yB3,3,KTC-1161,irmshred
2017-06-26,DXx06W2jD2mxLJjb,9,KTC-1661,catreman
2017-06-26,DjnzoAdO7nEfxmIt,1,KTC-1241,cintasgb
2017-06-26,ENtatbpaa7uuluwc,2,KTC-1647,catreman
2017-06-26,EZBMYSfLkiTnq12v,10,KTC-1715,catreman
2017-06-26,EhrUAiQ79ru6JMbH,8,KTC-1120,irmshred
2017-06-26,EjhMX0QOxiNdLJvC,6,KTC-1193,irmshred
2017-06-26,FTHBNxzmjej3ChFa,33,KTC-1638,catreman
2017-06-26,FhUN4wS09v50iwq4,2,KTC-1759,ccbcc-drivers
2017-06-26,FntnUT1VbWW2erjh,2,KTC-1044,irmshred
2017-06-26,GrESfWqmY2p2ViOq,20,KTC-1841,ccbcc-warehouse
2017-06-26,H6yoX06DOktiFWJ6,16,KTC-1788,ccbcc-drivers
2017-06-26,I2wvNuvBJyzgrv1c,3,KTC-1858,ccbcc-warehouse
2017-06-26,IXsT5xqhLA3745QD,1,KTC-1681,catreman
2017-06-26,IYMwtdqLuRmp8lQi,8,KTC-1686,catreman
2017-06-26,Iz4jxCNIHyT2xCxI,2,KTC-1697,catreman
2017-06-26,JMeWirPq2WoJnTBm,3,KTC-1617,catreman
2017-06-26,Je2RB8uTsOJck6g1,1,KTC-1384,catreman
2017-06-26,K2X0i7WMx8lhPCMK,2,KTC-1614,catreman
2017-06-26,KcMbK7F2WfVCvRnr,3,KTC-1635,catreman
2017-06-26,L6tsxudRI30zzaBq,13,KTC-1683,catreman
2017-06-26,LDI2K7T4mytvpvE1,7,KTC-1703,catreman
2017-06-26,LPBOFabPS05whmxw,3,KTC-1657,catreman
2017-06-26,M1CbXK4IRK6kGQZr,1,KTC-1643,catreman
2017-06-26,N6EcuzzmSPxu6pyG,2,KTC-1164,irmshred
2017-06-26,NAz6qTcooQ7wcWuQ,2,KTC-1401,catreman
2017-06-26,NJa2MdqS4jN3MknF,3,KTC-1716,catreman
2017-06-26,OFcGK2TYwFJueXhW,9,KTC-1824,ccbcc-warehouse
2017-06-26,ONONETM0B1rjbz8u,5,KTC-1685,catreman
2017-06-26,OXGQTKjHLqKfuFbb,4,KTC-1742,ccbcc-drivers
2017-06-26,Opo4aBNmrY50e933,2,KTC-1799,ccbcc-drivers
2017-06-26,PpJYoXFr05GLig5G,10,KTC-1662,catreman
2017-06-26,Q3GwimHWStq94LvM,3,KTC-1158,irmshred
2017-06-26,Q3VJHIKuD8BvMkHE,1,KTC-1653,catreman
2017-06-26,QwMqh2wmTjFsuZ8F,1,KTC-1798,ccbcc-drivers
2017-06-26,RLMY2c2L8RmxRCFp,1,KTC-1195,irmshred
2017-06-26,RRAwSLR2KqbTB0Zp,4,KTC-1761,ccbcc-drivers
2017-06-26,TU8dEDhTjmQ43iWY,1,KTC-1329,catreman
2017-06-26,TwThJBQrsbYVjrsC,6,KTC-1630,catreman
2017-06-26,UNsaXXcZ5NjY8VLK,3,KTC-1655,catreman
2017-06-26,UdRDEXIthQ1qb6uk,2,KTC-1714,catreman
2017-06-26,UmI9AGvuPty1TbSN,6,KTC-1779,ccbcc-drivers
2017-06-26,UrJKfq9y2Ugc7F09,11,KTC-1674,catreman
2017-06-26,V09Y5tvAVoSG9Erb,1,KTC-1131,irmshred
2017-06-26,WkNiXONvWQuHfmsX,55,KTC-1620,catreman
2017-06-26,WuhgknoYbuPDLtmQ,9,KTC-1702,catreman
2017-06-26,XhMKqdJAXYigpOto,4,KTC-1736,ccbcc-drivers
2017-06-26,Y1EwbVfmSHaGMdij,6,KTC-1648,catreman
2017-06-26,Y20jbJFnNdpBJvIj,1,KTC-1110,irmshred
2017-06-26,YpYXzJVYR8i45wQJ,4,KTC-1760,ccbcc-drivers
2017-06-26,bE9t9YjgI8vKq5Ok,1,KTC-1676,catreman
2017-06-26,bXDc3i8kkGub2yGU,1,KTC-1713,catreman
2017-06-26,bdeOLve9kNHRgctj,1,KTC-1642,catreman
2017-06-26,ccLcyqaBVwhVaieu,1,KTC-1396,catreman
2017-06-26,ctoK5sRyHXHt9xML,8,KTC-1735,ccbcc-drivers
2017-06-26,dFKZrgaSaAD9amA3,1,KTC-1687,catreman
2017-06-26,eCrM9Pm9NqwGCyOG,4,KTC-1159,irmshred
2017-06-26,eDKudM5MqUocstKx,15,KTC-1813,ccbcc-warehouse
2017-06-26,ejC7ryI5wQMDwhF2,2,KTC-1652,catreman
2017-06-26,fH4LLom1IfPvR7rA,4,KTC-1626,catreman
2017-06-26,fIPNxhkqosGAwb9l,3,KTC-1627,catreman
2017-06-26,gfpPjXYCb4bzUUrq,2,KTC-1693,catreman
2017-06-26,hVrZIFHjZcdITvcZ,6,KTC-1157,irmshred
2017-06-26,i7hYg3SOMysvwWYE,11,KTC-1659,catreman
2017-06-26,ihQiXCArrIKpcAvv,4,KTC-1113,irmshred
2017-06-26,iiDiCF1MzjEBNBvp,1,KTC-1165,irmshred
2017-06-26,k4BwgCldV6cTyXUB,1,KTC-1717,ccbcc-drivers
2017-06-26,kiDaTIMtkFGACmKs,8,KTC-1705,catreman
2017-06-26,kkG8k7e4gHMuGX0f,9,KTC-1621,catreman
2017-06-26,m8NeqIUWplSFlrUx,1,KTC-1696,catreman
2017-06-26,mBW3TotxRjjxLIO2,1,KTC-1792,ccbcc-drivers
2017-06-26,mU9ANrJnxqOAVP1S,1,KTC-1403,catreman
2017-06-26,n1YlcyWkW26tZQ4W,1,KTC-1646,catreman
2017-06-26,nZjh4uV4O4wndrV4,7,KTC-1623,catreman
2017-06-26,oDLOLZPLIcu2rDwI,1,KTC-1699,catreman
2017-06-26,oJ3LKiVZYpk1vGNu,1,KTC-1198,irmshred
2017-06-26,ocJnqwuskxw4rnzK,8,KTC-1199,irmshred
2017-06-26,ofa4gVPgJPWf68IM,5,KTC-1745,ccbcc-drivers
2017-06-26,pAUd9FTwraKYz8JW,4,KTC-1390,catreman
2017-06-26,pRsqjHpgUbWaf0ar,9,KTC-1645,catreman
2017-06-26,qgzBRD82OvkPJIuF,1,KTC-1711,catreman
2017-06-26,qha6ed9A8pJ9U96H,3,KTC-1402,catreman
2017-06-26,qqnZjfZVphykDadx,1,KTC-1763,ccbcc-drivers
2017-06-26,rGIIEqEheJupUTld,17,KTC-1665,catreman
2017-06-26,rWANKyYchaOucFpr,19,KTC-1730,ccbcc-drivers
2017-06-26,sE3XqrWjd8dJWjnd,5,KTC-1136,irmshred
2017-06-26,seSgyb47sujaj2tk,3,KTC-1405,catreman
2017-06-26,sxb0eYI5KbFvhgWq,1,KTC-1135,irmshred
2017-06-26,tg9SkIWUvMYxCFYk,1,KTC-1622,catreman
2017-06-26,ti2UUvNvMTllZ5yG,3,KTC-1679,catreman
2017-06-26,uKRciPebLqDElOYN,4,KTC-1688,catreman
2017-06-26,wKt3RFQgy6KMlJFg,2,KTC-1115,irmshred
2017-06-26,wOuB1mvuy11gv3rU,2,KTC-1744,ccbcc-drivers
2017-06-26,wQ3TkqXh4LVSsB9N,5,KTC-1708,catreman
2017-06-26,x014qAVM46fFsZFN,30,KTC-1684,catreman
2017-06-26,x8gDY0fyXz7bzYv5,19,KTC-1658,catreman
2017-06-26,xilQBMd8i4cCsk54,5,KTC-1704,catreman
2017-06-26,yEyv52S74BCtOcs1,7,KTC-1707,catreman
2017-06-27,0VeZZD26dOsSbQVG,2,KTC-1160,irmshred
2017-06-27,24iM4TsHgnR2moKi,2,KTC-1690,catreman
2017-06-27,2B6XgQto7l2rWpZH,4,KTC-1767,ccbcc-drivers
2017-06-27,2FfxJLKTnnk1zCUD,3,KTC-1187,irmshred
2017-06-27,3JboG5sbSnatMg2M,2,KTC-1710,catreman
2017-06-27,3PWFV0JKQhKdYDAS,1,KTC-1629,catreman
2017-06-27,3Sk6gtptnyhX1HrL,8,KTC-1859,ccbcc-warehouse
2017-06-27,3ag9ujKcvrwwa8OE,2,KTC-1649,catreman
2017-06-27,3z8eh774q1JM1utx,1,KTC-1689,catreman
2017-06-27,49brmF3G98mQAjMA,1,KTC-1045,irmshred
2017-06-27,4DW5egB41frndUUx,25,KTC-1820,ccbcc-warehouse
2017-06-27,5RAYOhg9WJcXQGyS,3,KTC-1200,irmshred
2017-06-27,6WwaB4zXCkloUjFK,5,KTC-1636,catreman
2017-06-27,6hP50W0lzhH1Pb3K,5,KTC-1634,catreman
2017-06-27,7tXitn4J9V7uR0Vb,8,KTC-1191,irmshred
2017-06-27,8je8fbShpEVMZNXA,8,KTC-1190,irmshred
2017-06-27,9opDAiQn2YQRB3Ke,3,KTC-1706,catreman
2017-06-27,9w2WmAAlunQFhobc,3,KTC-1678,catreman
2017-06-27,AfzkRgzIe1mN7F2F,11,KTC-1615,catreman
2017-06-27,Am3Yp4Tx2R2rugHX,2,KTC-1114,irmshred
2017-06-27,B4TURmeoEXCC9Kao,3,KTC-1203,irmshred
2017-06-27,BdLHqXKhX4ylg5i9,4,KTC-1695,catreman
2017-06-27,BxMkECW4qarPquTZ,1,KTC-1162,irmshred
2017-06-27,CF2XWjGUYepC98ti,1,KTC-1803,ccbcc-warehouse
2017-06-27,CO6hJMjafJOu1dy2,2,KTC-1616,catreman
2017-06-27,CY3tbuSmNpHhm7ZL,8,KTC-1128,irmshred
2017-06-27,DXx06W2jD2mxLJjb,8,KTC-1661,catreman
2017-06-27,DjnzoAdO7nEfxmIt,1,KTC-1241,cintasgb
2017-06-27,ENtatbpaa7uuluwc,7,KTC-1647,catreman
2017-06-27,EZBMYSfLkiTnq12v,2,KTC-1715,catreman
2017-06-27,EjhMX0QOxiNdLJvC,24,KTC-1193,irmshred
2017-06-27,FFsAkZC8jqGXc9cB,4,KTC-1781,ccbcc-drivers
2017-06-27,FTHBNxzmjej3ChFa,19,KTC-1638,catreman
2017-06-27,GMVpKEUrwDHnYHV9,1,KTC-1205,irmshred
2017-06-27,GrESfWqmY2p2ViOq,21,KTC-1841,ccbcc-warehouse
2017-06-27,H6yoX06DOktiFWJ6,12,KTC-1788,ccbcc-drivers
2017-06-27,Hk86as0sjRvgk4xL,18,KTC-1628,catreman
2017-06-27,ISjqKHri4Q303CkB,3,KTC-1700,catreman
2017-06-27,IXsT5xqhLA3745QD,4,KTC-1681,catreman
2017-06-27,IYMwtdqLuRmp8lQi,8,KTC-1686,catreman
2017-06-27,J3r0OK5680BQ74bF,7,KTC-1720,ccbcc-drivers
2017-06-27,JMeWirPq2WoJnTBm,6,KTC-1617,catreman
2017-06-27,JPpKmh3VjMSenuB3,1,KTC-1633,catreman
2017-06-27,KcMbK7F2WfVCvRnr,5,KTC-1635,catreman
2017-06-27,L6tsxudRI30zzaBq,5,KTC-1683,catreman
2017-06-27,LDI2K7T4mytvpvE1,4,KTC-1703,catreman
2017-06-27,LPBOFabPS05whmxw,3,KTC-1657,catreman
2017-06-27,M1CbXK4IRK6kGQZr,5,KTC-1643,catreman
2017-06-27,N6EcuzzmSPxu6pyG,1,KTC-1164,irmshred
2017-06-27,NAz6qTcooQ7wcWuQ,4,KTC-1401,catreman
2017-06-27,NJa2MdqS4jN3MknF,3,KTC-1716,catreman
2017-06-27,OFcGK2TYwFJueXhW,12,KTC-1824,ccbcc-warehouse
2017-06-27,ONONETM0B1rjbz8u,2,KTC-1685,catreman
2017-06-27,OXGQTKjHLqKfuFbb,2,KTC-1742,ccbcc-drivers
2017-06-27,OtqxVhk3IfmTpejp,11,KTC-1801,ccbcc-drivers
2017-06-27,P0UP2rjuRjTUJm7b,26,KTC-1846,ccbcc-warehouse
2017-06-27,P80mJ6zQLtMMnl1S,4,KTC-1127,irmshred
2017-06-27,PpJYoXFr05GLig5G,5,KTC-1662,catreman
2017-06-27,Q3VJHIKuD8BvMkHE,3,KTC-1653,catreman
2017-06-27,Q9T7SBbRe2Aw4zNv,2,KTC-1701,catreman
2017-06-27,QwMqh2wmTjFsuZ8F,1,KTC-1798,ccbcc-drivers
2017-06-27,RRAwSLR2KqbTB0Zp,6,KTC-1761,ccbcc-drivers
2017-06-27,RddVUhCLDc5Y9Ig4,1,KTC-1762,ccbcc-drivers
2017-06-27,RkxJCCiKpc5ExJ4J,7,KTC-1777,ccbcc-drivers
2017-06-27,UNsaXXcZ5NjY8VLK,1,KTC-1655,catreman
2017-06-27,UdRDEXIthQ1qb6uk,1,KTC-1714,catreman
2017-06-27,Uqzch5fshhe480k5,2,KTC-1204,irmshred
2017-06-27,UrJKfq9y2Ugc7F09,7,KTC-1674,catreman
2017-06-27,V09Y5tvAVoSG9Erb,1,KTC-1131,irmshred
2017-06-27,WkNiXONvWQuHfmsX,54,KTC-1620,catreman
2017-06-27,WuhgknoYbuPDLtmQ,2,KTC-1702,catreman
2017-06-27,Y1etB3LRGBf8saWy,18,KTC-1789,ccbcc-drivers
2017-06-27,YpYXzJVYR8i45wQJ,4,KTC-1760,ccbcc-drivers
2017-06-27,YxCQBOmbaGvf8v9z,1,KTC-1197,irmshred
2017-06-27,aD1obGpqC1rEPzvR,1,KTC-1783,ccbcc-drivers
2017-06-27,aPQCjvx3sigVFtOV,6,KTC-1797,ccbcc-drivers
2017-06-27,bE9t9YjgI8vKq5Ok,5,KTC-1676,catreman
2017-06-27,bdeOLve9kNHRgctj,2,KTC-1642,catreman
2017-06-27,ccLcyqaBVwhVaieu,3,KTC-1396,catreman
2017-06-27,ctoK5sRyHXHt9xML,5,KTC-1735,ccbcc-drivers
2017-06-27,czb0WEarn2RgNKgD,1,KTC-1764,ccbcc-drivers
2017-06-27,dFKZrgaSaAD9amA3,1,KTC-1687,catreman
2017-06-27,eCrM9Pm9NqwGCyOG,2,KTC-1159,irmshred
2017-06-27,emHRFqtWAtQSz0vG,2,KTC-1126,irmshred
2017-06-27,fH4LLom1IfPvR7rA,6,KTC-1626,catreman
2017-06-27,fIPNxhkqosGAwb9l,2,KTC-1627,catreman
2017-06-27,fiyBHZYP8h4K34W8,4,KTC-1632,catreman
2017-06-27,fy2D5vbI0R5EpY7T,11,KTC-1840,ccbcc-warehouse
2017-06-27,gfpPjXYCb4bzUUrq,13,KTC-1693,catreman
2017-06-27,hVrZIFHjZcdITvcZ,4,KTC-1157,irmshred
2017-06-27,i7hYg3SOMysvwWYE,17,KTC-1659,catreman
2017-06-27,iQOCAPKMPGe5hbN7,7,KTC-1808,ccbcc-warehouse
2017-06-27,ihQiXCArrIKpcAvv,2,KTC-1113,irmshred
2017-06-27,iiDiCF1MzjEBNBvp,1,KTC-1165,irmshred
2017-06-27,kKG7WVCRwI4BC4JT,1,KTC-1771,ccbcc-drivers
2017-06-27,kiDaTIMtkFGACmKs,6,KTC-1705,catreman
2017-06-27,kkG8k7e4gHMuGX0f,6,KTC-1621,catreman
2017-06-27,mBW3TotxRjjxLIO2,6,KTC-1792,ccbcc-drivers
2017-06-27,mU9ANrJnxqOAVP1S,5,KTC-1403,catreman
2017-06-27,nC1T6K2M4vrnD2xT,4,KTC-1207,irmshred
2017-06-27,nZjh4uV4O4wndrV4,8,KTC-1623,catreman
2017-06-27,oDLOLZPLIcu2rDwI,6,KTC-1699,catreman
2017-06-27,oRqxI3B5jFqyyH2B,13,KTC-1852,ccbcc-warehouse
2017-06-27,ocJnqwuskxw4rnzK,2,KTC-1199,irmshred
2017-06-27,ofa4gVPgJPWf68IM,6,KTC-1745,ccbcc-drivers
2017-06-27,pAUd9FTwraKYz8JW,7,KTC-1390,catreman
2017-06-27,pgzmmgSJl5yMBTid,1,KTC-1124,irmshred
2017-06-27,rGIIEqEheJupUTld,1,KTC-1665,catreman
2017-06-27,rWANKyYchaOucFpr,10,KTC-1730,ccbcc-drivers
2017-06-27,ry7v01zSTG0MfM1p,5,KTC-1641,catreman
2017-06-27,sE3XqrWjd8dJWjnd,4,KTC-1136,irmshred
2017-06-27,seSgyb47sujaj2tk,2,KTC-1405,catreman
2017-06-27,sxb0eYI5KbFvhgWq,3,KTC-1135,irmshred
2017-06-27,tg9SkIWUvMYxCFYk,2,KTC-1622,catreman
2017-06-27,ti2UUvNvMTllZ5yG,3,KTC-1679,catreman
2017-06-27,uFTcFADvJQAVM2AJ,1,KTC-1802,ccbcc-warehouse
2017-06-27,uKRciPebLqDElOYN,4,KTC-1688,catreman
2017-06-27,urVbjB2ApPEOkzhr,1,KTC-1660,catreman
2017-06-27,wKt3RFQgy6KMlJFg,4,KTC-1115,irmshred
2017-06-27,wOuB1mvuy11gv3rU,2,KTC-1744,ccbcc-drivers
2017-06-27,wQ3TkqXh4LVSsB9N,2,KTC-1708,catreman
2017-06-27,wpLEnrjTPweUUnEd,1,KTC-1166,irmshred
2017-06-27,x014qAVM46fFsZFN,23,KTC-1684,catreman
2017-06-27,xilQBMd8i4cCsk54,1,KTC-1704,catreman
2017-06-27,yEyv52S74BCtOcs1,3,KTC-1707,catreman
