2017-06-28,0VeZZD26dOsSbQVG,2,KTC-1160,irmshred
2017-06-28,0eV8LLiL8tKfrqKj,2,KTC-1656,catreman
2017-06-28,0fvzjcqjLaGV1uQ8,2,KTC-1856,ccbcc-warehouse
2017-06-28,1GcB9ocRDE3J1can,1,KTC-1835,ccbcc-warehouse
2017-06-28,1H6oyNtMdTcBNpc8,2,KTC-1654,catreman
2017-06-28,1PkHaqfLHfzVaJdG,2,KTC-1671,cumminswarehouse
2017-06-28,1oEll0rb4i3IcWdD,2,KTC-1751,syscoboston
2017-06-28,1tGKZU2b3oYSIBUr,1,KTC-1624,catreman
2017-06-28,20Ugu4gbSP7gKlSL,1,KTC-1829,ccbcc-warehouse
2017-06-28,24iM4TsHgnR2moKi,2,KTC-1690,catreman
2017-06-28,2B6XgQto7l2rWpZH,1,KTC-1767,ccbcc-drivers
2017-06-28,2CCMTs2hOJd0gxx2,1,KTC-1754,syscoboston
2017-06-28,2FMVOlDg78voyJLW,1,KTC-1079,catwamego
2017-06-28,2FfxJLKTnnk1zCUD,2,KTC-1187,irmshred
2017-06-28,2RKGJNK1QwsW80dO,1,KTC-1137,catclayton
2017-06-28,2icU6CoGiNVrDvvd,1,KTC-1731,ccbcc-drivers
2017-06-28,2nNW82XrhUxjzeZt,1,KTC-1865,ccbcc-warehouse
2017-06-28,2p8Ud18Y41eiT35T,1,KTC-1247,catclayton
2017-06-28,2qayz9rltJu6NaVt,2,KTC-1399,catreman
2017-06-28,2r4HtAihf1ayIpuv,1,KTC-1836,ccbcc-warehouse
2017-06-28,2sIHSo6hduJ6Y87Y,1,KTC-1664,catreman
2017-06-28,2xbB8hXyRZP88VzF,1,KTC-1780,ccbcc-drivers
2017-06-28,30nbIhzxOVIrKo12,2,KTC-1109,irmshred
2017-06-28,346k5xxuOFA4ymxf,1,KTC-1830,ccbcc-warehouse
2017-06-28,3BftE4WRij8hO7kb,1,KTC-1838,ccbcc-warehouse
2017-06-28,3JboG5sbSnatMg2M,1,KTC-1710,catreman
2017-06-28,3PWFV0JKQhKdYDAS,2,KTC-1629,catreman
2017-06-28,3SInutpaFrH3g507,2,KTC-1694,catreman
2017-06-28,3Sk6gtptnyhX1HrL,7,KTC-1859,ccbcc-warehouse
2017-06-28,3ag9ujKcvrwwa8OE,1,KTC-1649,catreman
2017-06-28,3uV9L2bDgeOZVuJG,1,KTC-1772,ccbcc-drivers
2017-06-28,3vMzzXumHGPjDwY7,2,KTC-1712,catreman
2017-06-28,3z8eh774q1JM1utx,2,KTC-1689,catreman
2017-06-28,49brmF3G98mQAjMA,2,KTC-1045,irmshred
2017-06-28,4Am9OqvsfI2sEI72,2,KTC-1133,irmshred
2017-06-28,4DW5egB41frndUUx,1,KTC-1820,ccbcc-warehouse
2017-06-28,4GpfmTYgU17U44Gz,1,KTC-1644,catreman
2017-06-28,4IGOU6D7oXBW1yKy,2,KTC-1768,ccbcc-drivers
2017-06-28,4KWnwXBl4fgBSOOl,1,KTC-1834,ccbcc-warehouse
2017-06-28,4MuLFW2n3fyGxSVs,1,KTC-1709,catreman
2017-06-28,4lTYj8ucvzHEevk2,2,KTC-1121,irmshred
2017-06-28,4nJJ08V34kFf3tav,2,KTC-1188,irmshred
2017-06-28,4peDuxkT6M82zlSI,1,KTC-1878,ccbcc-warehouse
2017-06-28,5FnyO7ajAydJ0OuJ,2,KTC-1328,mcmaster
2017-06-28,5HFKZEUzX2Y0dGdF,1,KTC-1872,ccbcc-warehouse
2017-06-28,5RAYOhg9WJcXQGyS,2,KTC-1200,irmshred
2017-06-28,5zzgHRi8TN0ulZrv,2,KTC-1827,ccbcc-warehouse
2017-06-28,65NToxN3j1i6y1Vq,1,KTC-1099,catwamego
2017-06-28,6IHxobhI2MabBkUy,1,KTC-1743,ccbcc-drivers
2017-06-28,6INck3RyNpXfeLAP,1,KTC-1098,catwamego
2017-06-28,6LFdLhQTwe6Vgvm9,1,KTC-1097,catwamego
2017-06-28,6OqciH3GkwmT75nc,1,KTC-1102,catwamego
2017-06-28,6WwaB4zXCkloUjFK,2,KTC-1636,catreman
2017-06-28,6hP50W0lzhH1Pb3K,2,KTC-1634,catreman
2017-06-28,6hf0e8KN0DzNdCZO,1,KTC-1104,catwamego
2017-06-28,6sJQVgKas3Rtz7yX,1,KTC-1146,catclayton
2017-06-28,73fb6kzzIksTu8zV,1,KTC-1093,catwamego
2017-06-28,78QUCFfRDVXXMq94,2,KTC-1672,catreman
2017-06-28,7LVh0jXtl9srmxQ8,1,KTC-1857,ccbcc-warehouse
2017-06-28,7PGHETBXwyipwZK5,2,KTC-1721,ccbcc-drivers
2017-06-28,7STAyJDWajHvrpOY,1,KTC-1784,ccbcc-drivers
2017-06-28,7o2I1TsL9ggSSVZq,1,KTC-1388,cumminswarehouse
2017-06-28,7tXitn4J9V7uR0Vb,3,KTC-1191,irmshred
2017-06-28,8CUj3ukVrIckWJ5H,1,KTC-1855,ccbcc-warehouse
2017-06-28,8je8fbShpEVMZNXA,1,KTC-1190,irmshred
2017-06-28,9I8vJzFpUo3CyBbU,1,KTC-1682,catreman
2017-06-28,9LRIFUfhp9HVrAfH,9,KTC-1240,cintasgb
2017-06-28,9LbM3DA4xt6ezigg,1,KTC-1094,catwamego
2017-06-28,9Tj4ZZw4FmxkIaqP,1,KTC-1864,ccbcc-warehouse
2017-06-28,9WjtUiWiLyE2vLw4,1,KTC-1718,ccbcc-drivers
2017-06-28,9Yf5scfK2DlBOBeU,1,KTC-1095,catwamego
2017-06-28,9opDAiQn2YQRB3Ke,1,KTC-1706,catreman
2017-06-28,9w2WmAAlunQFhobc,1,KTC-1678,catreman
2017-06-28,A64YA6q0djJNVPNm,1,KTC-1076,catwamego
2017-06-28,AEwG3JpA7vfUFOJQ,1,KTC-1148,catclayton
2017-06-28,AfzkRgzIe1mN7F2F,1,KTC-1615,catreman
2017-06-28,Am3Yp4Tx2R2rugHX,2,KTC-1114,irmshred
2017-06-28,AxvK0Ox6mO28MR9V,2,KTC-1395,mcmaster
2017-06-28,B4TURmeoEXCC9Kao,11,KTC-1203,irmshred
2017-06-28,B7rg7wW5LWAZHzvs,1,KTC-1669,catreman
2017-06-28,BMwEYZCQdtUmzcDb,9,KTC-1251,cintasgb
2017-06-28,BSbwR9CBAOfbexVa,1,KTC-1170,syscoboston
2017-06-28,BUPhq514mghKDfHi,1,KTC-1833,ccbcc-warehouse
2017-06-28,BdLHqXKhX4ylg5i9,2,KTC-1695,catreman
2017-06-28,Bdau1FK2unTN6yB3,2,KTC-1161,irmshred
2017-06-28,BerEw4xdgugNTpeN,1,KTC-1850,ccbcc-warehouse
2017-06-28,Bmcw6Kl3fFNs9PhK,1,KTC-1119,irmshred
2017-06-28,BxMkECW4qarPquTZ,2,KTC-1162,irmshred
2017-06-28,BzgM25imsF0sKJBR,1,KTC-1338,syscoboston
2017-06-28,CF2XWjGUYepC98ti,1,KTC-1803,ccbcc-warehouse
2017-06-28,CLzdMIRZ21myIjE9,1,KTC-1333,syscoboston
2017-06-28,CO6hJMjafJOu1dy2,3,KTC-1616,catreman
2017-06-28,COQLTGetPgaKptJw,1,KTC-1155,catclayton
2017-06-28,CY3tbuSmNpHhm7ZL,2,KTC-1128,irmshred
2017-06-28,CZ3SwNdVruhgyPQB,1,KTC-1680,cumminswarehouse
2017-06-28,CbUTmE3T8IR7ycz0,1,KTC-1887,ccbcc-warehouse
2017-06-28,CeiSZWoj5r46Hxm0,4,KTC-1352,mcmaster
2017-06-28,ChY7ItmTG6SmqGEs,1,KTC-1337,syscoboston
2017-06-28,CqKgPbsxT2H722EZ,2,KTC-1670,cumminswarehouse
2017-06-28,CrVqNCUA1TGKEnt7,1,KTC-1885,ccbcc-warehouse
2017-06-28,D8ZmlX3yYkTkGkcW,1,KTC-1152,catclayton
2017-06-28,DOE6cZp5BoFGB4nv,1,KTC-1129,irmshred
2017-06-28,DXiHdYFJImHeuWLj,1,KTC-1881,ccbcc-warehouse
2017-06-28,DXx06W2jD2mxLJjb,1,KTC-1661,catreman
2017-06-28,DiBN5Opdtl2As9Ei,4,KTC-1327,mcmaster
2017-06-28,DjnzoAdO7nEfxmIt,14,KTC-1241,cintasgb
2017-06-28,DlXIa3OZuEJyAqEx,1,KTC-1209,irmshred
2017-06-28,E5SrIWEypxNF3ZoC,1,KTC-1842,ccbcc-warehouse
2017-06-28,E82bnvT38SgWpLvL,2,KTC-1339,syscoboston
2017-06-28,E863EQZxM4yoJut9,1,KTC-1843,ccbcc-warehouse
2017-06-28,EKKSiv6ha5VbnDLa,2,KTC-1363,syscoboston
2017-06-28,ENtatbpaa7uuluwc,1,KTC-1647,catreman
2017-06-28,EWY8krTh7fmuXonK,1,KTC-1811,ccbcc-warehouse
2017-06-28,EZBMYSfLkiTnq12v,2,KTC-1715,catreman
2017-06-28,EhrUAiQ79ru6JMbH,1,KTC-1120,irmshred
2017-06-28,EjhMX0QOxiNdLJvC,1,KTC-1193,irmshred
2017-06-28,F3dyobd9LpDHR9ZI,2,KTC-1790,ccbcc-drivers
2017-06-28,FFsAkZC8jqGXc9cB,1,KTC-1781,ccbcc-drivers
2017-06-28,FTHBNxzmjej3ChFa,2,KTC-1638,catreman
2017-06-28,FhUN4wS09v50iwq4,2,KTC-1759,ccbcc-drivers
2017-06-28,FntnUT1VbWW2erjh,2,KTC-1044,irmshred
2017-06-28,FtoCVxHkkI1t5iCZ,5,KTC-1330,mcmaster
2017-06-28,G9H8ZS8ba3fUJ3hy,1,KTC-1092,catwamego
2017-06-28,GMVpKEUrwDHnYHV9,2,KTC-1205,irmshred
2017-06-28,GSYNogWQyzCpzlnY,1,KTC-1364,syscoboston
2017-06-28,Gbejjxdq4bml3CFK,1,KTC-1130,irmshred
2017-06-28,GctfDk1mLJK0cBkX,2,KTC-1758,syscoboston
2017-06-28,GkopaIjKlnSmD0bQ,2,KTC-1123,irmshred
2017-06-28,GrESfWqmY2p2ViOq,1,KTC-1841,ccbcc-warehouse
2017-06-28,GxXiMDwkqq4BRri5,1,KTC-1725,ccbcc-drivers
2017-06-28,H3t9jCO96UXN7DeE,1,KTC-1851,ccbcc-warehouse
2017-06-28,HBHFZxHUflJaAKiK,1,KTC-1804,ccbcc-warehouse
2017-06-28,HIpZ3pV9vuj8Tvvc,1,KTC-1144,catclayton
2017-06-28,HYuj8xJpVRb1Wytu,1,KTC-1723,ccbcc-drivers
2017-06-28,HiHXzRvMxJwlIgOn,1,KTC-1354,syscoboston
2017-06-28,Hk86as0sjRvgk4xL,2,KTC-1628,catreman
2017-06-28,HoXhInUZzCMhcvzq,1,KTC-1890,ccbcc-warehouse
2017-06-28,HvgVcPxdZcFRJr0u,1,KTC-1149,catclayton
2017-06-28,HyoisRijHMyWxVQp,1,KTC-1151,catclayton
2017-06-28,I2wvNuvBJyzgrv1c,1,KTC-1858,ccbcc-warehouse
2017-06-28,I6m6HAcF39j8ceRH,2,KTC-1391,cumminswarehouse
2017-06-28,IQBt5mZuAYbLC7wM,2,KTC-1389,cumminswarehouse
2017-06-28,IQop62X8vNCjyyPw,1,KTC-1318,cumminswarehouse
2017-06-28,ISjqKHri4Q303CkB,2,KTC-1700,catreman
2017-06-28,IXsT5xqhLA3745QD,2,KTC-1681,catreman
2017-06-28,IYMwtdqLuRmp8lQi,2,KTC-1686,catreman
2017-06-28,IjjlJ1cl9wY58PZU,1,KTC-1847,ccbcc-warehouse
2017-06-28,IkOesySOg9C0Bbpk,2,KTC-1367,mcmaster
2017-06-28,IoJ4HD8lZLN1kYgo,2,KTC-1238,cintasgb
2017-06-28,IyqaqHXBUXycz0ZC,1,KTC-1365,syscoboston
2017-06-28,Iz4jxCNIHyT2xCxI,2,KTC-1697,catreman
2017-06-28,J3r0OK5680BQ74bF,2,KTC-1720,ccbcc-drivers
2017-06-28,J5EnXVzlCeGqF2Pe,1,KTC-1090,catwamego
2017-06-28,JMeWirPq2WoJnTBm,2,KTC-1617,catreman
2017-06-28,JPpKmh3VjMSenuB3,1,KTC-1633,catreman
2017-06-28,JaEjWnpVHMROpfTS,1,KTC-1738,ccbcc-drivers
2017-06-28,Je2RB8uTsOJck6g1,1,KTC-1384,catreman
2017-06-28,K2X0i7WMx8lhPCMK,2,KTC-1614,catreman
2017-06-28,KXTEbVaP3i1UFqyx,2,KTC-1639,catreman
2017-06-28,KcMbK7F2WfVCvRnr,2,KTC-1635,catreman
2017-06-28,KcTmKjPRILevVsAb,1,KTC-1873,ccbcc-warehouse
2017-06-28,Kxt8dgoqZy4UiGBi,2,KTC-1809,ccbcc-warehouse
2017-06-28,L6tsxudRI30zzaBq,1,KTC-1683,catreman
2017-06-28,LDI2K7T4mytvpvE1,2,KTC-1703,catreman
2017-06-28,LPBOFabPS05whmxw,2,KTC-1657,catreman
2017-06-28,LSuqIUKXsjSu60D2,1,KTC-1832,ccbcc-warehouse
2017-06-28,LTwcJ2yDKEhGvFm5,1,KTC-1383,catreman
2017-06-28,LeXKYu67ylo3vsCR,1,KTC-1353,syscoboston
2017-06-28,LpJW6jY78z0wbE10,2,KTC-1201,irmshred
2017-06-28,M1CbXK4IRK6kGQZr,1,KTC-1643,catreman
2017-06-28,MT0ufIFASKBx69lJ,1,KTC-1722,ccbcc-drivers
2017-06-28,MWhulgoirKaT0XX4,1,KTC-1618,catreman
2017-06-28,MYgBcFL7A2hEiE3i,1,KTC-1821,ccbcc-warehouse
2017-06-28,Mh9wYJOhxdEMA2ns,1,KTC-1336,syscoboston
2017-06-28,MkTnHjcpcepJ7YIT,1,KTC-1814,ccbcc-warehouse
2017-06-28,Mx4SjoTQYRos3xfl,1,KTC-1248,cintasgb
2017-06-28,MxwwNyTPsXCMaH2v,1,KTC-1746,ccbcc-drivers
2017-06-28,N6EcuzzmSPxu6pyG,2,KTC-1164,irmshred
2017-06-28,N954Bq2HSJoi1Ao2,2,KTC-1822,ccbcc-warehouse
2017-06-28,NAz6qTcooQ7wcWuQ,2,KTC-1401,catreman
2017-06-28,NJa2MdqS4jN3MknF,2,KTC-1716,catreman
2017-06-28,NZMJOvXS32DIq0uh,1,KTC-1142,catclayton
2017-06-28,Nep9Q7LIAg5FsMoX,1,KTC-1393,cumminswarehouse
2017-06-28,OBEGN7LZJWg1CMsR,2,KTC-1650,catreman
2017-06-28,OFcGK2TYwFJueXhW,1,KTC-1824,ccbcc-warehouse
2017-06-28,ONONETM0B1rjbz8u,2,KTC-1685,catreman
2017-06-28,OUGdC4lWUf2Jnb1h,1,KTC-1084,catwamego
2017-06-28,OXGQTKjHLqKfuFbb,1,KTC-1742,ccbcc-drivers
2017-06-28,OiQL6Kn87EmDBBd6,1,KTC-1849,ccbcc-warehouse
2017-06-28,OiYyqGm9Fa4gdCLd,2,KTC-1889,ccbcc-warehouse
2017-06-28,OoXtxScJrZpWSTVY,1,KTC-1897,ccbcc-warehouse
2017-06-28,OpcFInnUQgVEn8GP,2,KTC-1362,syscoboston
2017-06-28,Opo4aBNmrY50e933,2,KTC-1799,ccbcc-drivers
2017-06-28,OtqxVhk3IfmTpejp,2,KTC-1801,ccbcc-drivers
2017-06-28,P0UP2rjuRjTUJm7b,1,KTC-1846,ccbcc-warehouse
2017-06-28,P80mJ6zQLtMMnl1S,2,KTC-1127,irmshred
2017-06-28,PAK0WLh4dUMLRvh1,1,KTC-1825,ccbcc-warehouse
2017-06-28,PEHBbghFyncAY20S,1,KTC-1719,ccbcc-drivers
2017-06-28,PpJYoXFr05GLig5G,2,KTC-1662,catreman
2017-06-28,Q1y9ndPinDlzY4pw,1,KTC-1879,ccbcc-warehouse
2017-06-28,Q3GwimHWStq94LvM,2,KTC-1158,irmshred
2017-06-28,Q3VJHIKuD8BvMkHE,2,KTC-1653,catreman
2017-06-28,Q9T7SBbRe2Aw4zNv,1,KTC-1701,catreman
2017-06-28,QSlAb1vbPm5CTitO,2,KTC-1791,ccbcc-drivers
2017-06-28,QXeUj25GvAIodQoK,2,KTC-1371,mcmaster
2017-06-28,QZJpIQjJSVqtnPfS,1,KTC-1749,syscoboston
2017-06-28,QwMqh2wmTjFsuZ8F,1,KTC-1798,ccbcc-drivers
2017-06-28,RLMY2c2L8RmxRCFp,2,KTC-1195,irmshred
2017-06-28,RRAwSLR2KqbTB0Zp,1,KTC-1761,ccbcc-drivers
2017-06-28,RVE5RVr8ETzMbbwL,2,KTC-1372,mcmaster
2017-06-28,RddVUhCLDc5Y9Ig4,11,KTC-1762,ccbcc-drivers
2017-06-28,RepIOek3pYjjtJM1,1,KTC-1108,irmshred
2017-06-28,RkxJCCiKpc5ExJ4J,2,KTC-1777,ccbcc-drivers
2017-06-28,SQppaGfLpXhu90ue,1,KTC-1078,catwamego
2017-06-28,SpCHextsJwDMUrUg,1,KTC-1826,ccbcc-warehouse
2017-06-28,StfiVwoKWs1TnstK,1,KTC-1807,ccbcc-warehouse
2017-06-28,SxOi1Q5cXXFCicuJ,1,KTC-1818,ccbcc-warehouse
2017-06-28,TFfHBUvDrT0A5ZED,1,KTC-1631,catreman
2017-06-28,TU8dEDhTjmQ43iWY,1,KTC-1329,catreman
2017-06-28,TiYEoErSIixhWbTO,1,KTC-1800,ccbcc-drivers
2017-06-28,TwThJBQrsbYVjrsC,2,KTC-1630,catreman
2017-06-28,U1o1CWWgfT9SW22L,1,KTC-1145,catclayton
2017-06-28,UNsaXXcZ5NjY8VLK,2,KTC-1655,catreman
2017-06-28,UQsE5jjJrsEMZDWc,2,KTC-1239,cintasgb
2017-06-28,UUY9QICkqwJSU6TO,1,KTC-1673,cumminswarehouse
2017-06-28,UdRDEXIthQ1qb6uk,2,KTC-1714,catreman
2017-06-28,UmI9AGvuPty1TbSN,2,KTC-1779,ccbcc-drivers
2017-06-28,Uqzch5fshhe480k5,2,KTC-1204,irmshred
2017-06-28,UrJKfq9y2Ugc7F09,1,KTC-1674,catreman
2017-06-28,V09Y5tvAVoSG9Erb,2,KTC-1131,irmshred
2017-06-28,V0QUHAYcm6BqU2b0,2,KTC-1386,cumminswarehouse
2017-06-28,VMPy1xwIOIBFkKnj,2,KTC-1766,ccbcc-drivers
2017-06-28,VhwLsXBqoqTtRHkL,1,KTC-1086,catwamego
2017-06-28,VwcTSvfm7U4eY0wp,1,KTC-1147,catclayton
2017-06-28,W80S12XGG6O6Arsb,1,KTC-1839,ccbcc-warehouse
2017-06-28,WDfgCDxEsakJ93hc,1,KTC-1740,ccbcc-drivers
2017-06-28,WLWg87DdbjFffyl3,2,KTC-1769,ccbcc-drivers
2017-06-28,WkNiXONvWQuHfmsX,1,KTC-1620,catreman
2017-06-28,WmB6N7JrHJP2z4v7,2,KTC-1132,irmshred
2017-06-28,WuhgknoYbuPDLtmQ,2,KTC-1702,catreman
2017-06-28,Xb32ZivscxmCoMqG,1,KTC-1091,catwamego
2017-06-28,XhMKqdJAXYigpOto,1,KTC-1736,ccbcc-drivers
2017-06-28,XxYVgbXYm92hdgpA,1,KTC-1837,ccbcc-warehouse
2017-06-28,Y1EwbVfmSHaGMdij,2,KTC-1648,catreman
2017-06-28,Y1etB3LRGBf8saWy,1,KTC-1789,ccbcc-drivers
2017-06-28,Y20jbJFnNdpBJvIj,2,KTC-1110,irmshred
2017-06-28,Y6Ph6tXVStfHsjvK,2,KTC-1375,mcmaster
2017-06-28,YF4YDU4sPbzsheip,4,KTC-1817,ccbcc-warehouse
2017-06-28,YX43ayDTVDtcuQci,5,KTC-1382,mcmaster
2017-06-28,YpYXzJVYR8i45wQJ,2,KTC-1760,ccbcc-drivers
2017-06-28,YrkaXv9bBW1ySEN1,1,KTC-1828,ccbcc-warehouse
2017-06-28,YxCQBOmbaGvf8v9z,2,KTC-1197,irmshred
2017-06-28,YyIa5kON8hurYYJ3,1,KTC-1153,catclayton
2017-06-28,aD1obGpqC1rEPzvR,9,KTC-1783,ccbcc-drivers
2017-06-28,aEHDYJFPVNNc2ZJQ,2,KTC-1794,ccbcc-drivers
2017-06-28,aPQCjvx3sigVFtOV,2,KTC-1797,ccbcc-drivers
2017-06-28,aQewmrVzsgev4ZfI,2,KTC-1107,irmshred
2017-06-28,al5mEIpBc47WeUuu,2,KTC-1387,cumminswarehouse
2017-06-28,an70hg53xUAZ5Vct,1,KTC-1105,catwamego
2017-06-28,anlp3Q72VxBZ8Fkz,1,KTC-1085,catwamego
2017-06-28,bE9t9YjgI8vKq5Ok,1,KTC-1676,catreman
2017-06-28,bH0PYKR6fFUw2ue2,1,KTC-1088,catwamego
2017-06-28,bUvKevITXmGITKDI,1,KTC-1080,catwamego
2017-06-28,bXDc3i8kkGub2yGU,2,KTC-1713,catreman
2017-06-28,bdeOLve9kNHRgctj,1,KTC-1642,catreman
2017-06-28,c1Nj3oYogQt4Kr5s,1,KTC-1221,cintasgb
2017-06-28,c2Scdgo9KiXx6f33,1,KTC-1335,syscoboston
2017-06-28,c8IEygEwOTbEqccv,1,KTC-1898,ccbcc-warehouse
2017-06-28,cMMxDgegrOxJZUAN,1,KTC-1785,ccbcc-drivers
2017-06-28,ccLcyqaBVwhVaieu,2,KTC-1396,catreman
2017-06-28,ck1CArY76D4Kq54t,1,KTC-1886,ccbcc-warehouse
2017-06-28,ctoK5sRyHXHt9xML,2,KTC-1735,ccbcc-drivers
2017-06-28,czb0WEarn2RgNKgD,1,KTC-1764,ccbcc-drivers
2017-06-28,dFKZrgaSaAD9amA3,1,KTC-1687,catreman
2017-06-28,dOda8VuzqvRQ5B8C,3,KTC-1793,ccbcc-drivers
2017-06-28,dlgPcJbQa6trkP5A,1,KTC-1831,ccbcc-warehouse
2017-06-28,eBlYRG04KGyMtNpl,1,KTC-1340,syscoboston
2017-06-28,eCrM9Pm9NqwGCyOG,2,KTC-1159,irmshred
2017-06-28,eRXACbEsya0msXAP,2,KTC-1637,catreman
2017-06-28,edN8KgriVAy6f1ze,1,KTC-1392,cumminswarehouse
2017-06-28,edhnmuBbCHw8zbOQ,1,KTC-1141,catclayton
2017-06-28,ehZhhTPIBUoMXnFW,1,KTC-1892,ccbcc-warehouse
2017-06-28,ejC7ryI5wQMDwhF2,1,KTC-1652,catreman
2017-06-28,emHRFqtWAtQSz0vG,2,KTC-1126,irmshred
2017-06-28,emJLOB8Y6MvtjutC,1,KTC-1691,catreman
2017-06-28,epyDTAgd0Y75Fysg,1,KTC-1882,ccbcc-warehouse
2017-06-28,etd0mlJd2gDeSIAE,2,KTC-1727,ccbcc-drivers
2017-06-28,fB4iyPmCdLilBEWm,1,KTC-1125,irmshred
2017-06-28,fH4LLom1IfPvR7rA,2,KTC-1626,catreman
2017-06-28,fIPNxhkqosGAwb9l,2,KTC-1627,catreman
2017-06-28,fST6x6G7FmwOR9uJ,1,KTC-1795,ccbcc-drivers
2017-06-28,fUoicgeTIaMEAmIy,1,KTC-1346,syscoboston
2017-06-28,fiyBHZYP8h4K34W8,2,KTC-1632,catreman
2017-06-28,fy2D5vbI0R5EpY7T,2,KTC-1840,ccbcc-warehouse
2017-06-28,g1CtQTpQGssK17vB,1,KTC-1081,catwamego
2017-06-28,g1XDOm5Xjk4OYkYP,1,KTC-1089,catwamego
2017-06-28,gFxOoITVBgvXDwzH,1,KTC-1667,cumminswarehouse
2017-06-28,gMhzAJNILvBEJ4JP,1,KTC-1252,cintasgb
2017-06-28,gPY0zhpL66rVuewT,1,KTC-1869,ccbcc-warehouse
2017-06-28,gTgq5UmOn4IUJHaX,1,KTC-1752,syscoboston
2017-06-28,gfhn5lUtnybRfxqd,1,KTC-1748,syscoboston
2017-06-28,gfpPjXYCb4bzUUrq,1,KTC-1693,catreman
2017-06-28,gfzonm4VZd9eX0zP,2,KTC-1319,cumminswarehouse
2017-06-28,ggFcp6bqitz9H1za,1,KTC-1139,catclayton
2017-06-28,goeTXreEFXaENRD2,2,KTC-1374,mcmaster
2017-06-28,hT6Vx9GGSOZgca6T,1,KTC-1741,ccbcc-drivers
2017-06-28,hUOb0ghy1lD0wa5C,1,KTC-1815,ccbcc-warehouse
2017-06-28,hVrZIFHjZcdITvcZ,2,KTC-1157,irmshred
2017-06-28,hX6WYQfzr7QNifGo,1,KTC-1082,catwamego
2017-06-28,i6SrWU5V2kOFhrun,1,KTC-1304,syscoboston
2017-06-28,i7hYg3SOMysvwWYE,2,KTC-1659,catreman
2017-06-28,iIy6ftpJBMxBAWnx,1,KTC-1733,ccbcc-drivers
2017-06-28,iPXDCmkpGxxYuIa9,2,KTC-1848,ccbcc-warehouse
2017-06-28,iQOCAPKMPGe5hbN7,1,KTC-1808,ccbcc-warehouse
2017-06-28,ihQiXCArrIKpcAvv,1,KTC-1113,irmshred
2017-06-28,iiDiCF1MzjEBNBvp,2,KTC-1165,irmshred
2017-06-28,jROwPvnZTxmPSbm4,2,KTC-1316,cumminswarehouse
2017-06-28,jXkPZYQNXPdRH30D,2,KTC-1394,cumminswarehouse
2017-06-28,jfgE54EqweSgarH6,1,KTC-1103,catwamego
2017-06-28,jstw66KQC06W4nTB,3,KTC-1349,mcmaster
2017-06-28,k4BwgCldV6cTyXUB,1,KTC-1717,ccbcc-drivers
2017-06-28,kEA2rZ45A0mVwH3t,1,KTC-1663,catreman
2017-06-28,kKG7WVCRwI4BC4JT,1,KTC-1771,ccbcc-drivers
2017-06-28,kekfSKHFJPfgmnDj,4,KTC-1348,mcmaster
2017-06-28,kiDaTIMtkFGACmKs,2,KTC-1705,catreman
2017-06-28,kkG8k7e4gHMuGX0f,2,KTC-1621,catreman
2017-06-28,klPKsk1QZnky9hxu,4,KTC-1345,mcmaster
2017-06-28,lG3oK9bgpdpacuzd,1,KTC-1317,cumminswarehouse
2017-06-28,m8NeqIUWplSFlrUx,2,KTC-1696,catreman
2017-06-28,mBW3TotxRjjxLIO2,2,KTC-1792,ccbcc-drivers
2017-06-28,mPJ2120JWilFWqyp,1,KTC-1668,cumminswarehouse
2017-06-28,mU9ANrJnxqOAVP1S,2,KTC-1403,catreman
2017-06-28,mlYw3hcVsqDXPqbg,4,KTC-1237,cintasgb
2017-06-28,mnRpAlajk2A2SLEs,1,KTC-1732,ccbcc-drivers
2017-06-28,mqD23pStOiODQYSQ,1,KTC-1101,catwamego
2017-06-28,n1YlcyWkW26tZQ4W,1,KTC-1646,catreman
2017-06-28,n9IVLucEONF9J6oY,1,KTC-1891,ccbcc-warehouse
2017-06-28,nC1T6K2M4vrnD2xT,2,KTC-1207,irmshred
2017-06-28,nOqYVbvujO6OecKR,4,KTC-1355,mcmaster
2017-06-28,nWbVFsA9AsA1XUCt,1,KTC-1854,ccbcc-warehouse
2017-06-28,nZjh4uV4O4wndrV4,2,KTC-1623,catreman
2017-06-28,nqajhtBnlqbtrubM,1,KTC-1845,ccbcc-warehouse
2017-06-28,o72ICinzIg7SwvOX,1,KTC-1625,catreman
2017-06-28,oDLOLZPLIcu2rDwI,1,KTC-1699,catreman
2017-06-28,oDjP8g1FIDtRup5C,1,KTC-1819,ccbcc-warehouse
2017-06-28,oJ3LKiVZYpk1vGNu,2,KTC-1198,irmshred
2017-06-28,oRqxI3B5jFqyyH2B,2,KTC-1852,ccbcc-warehouse
2017-06-28,ocJnqwuskxw4rnzK,2,KTC-1199,irmshred
2017-06-28,ofa4gVPgJPWf68IM,2,KTC-1745,ccbcc-drivers
2017-06-28,p8uNfrtJZQuXVTER,1,KTC-1038,catwamego
2017-06-28,pAUd9FTwraKYz8JW,2,KTC-1390,catreman
2017-06-28,pRsqjHpgUbWaf0ar,2,KTC-1645,catreman
2017-06-28,pWBAAFjKQas2uYQn,3,KTC-1726,ccbcc-drivers
2017-06-28,pasVqyB5oDdwz0Km,1,KTC-1154,catclayton
2017-06-28,pgzmmgSJl5yMBTid,2,KTC-1124,irmshred
2017-06-28,pw2yAlmspoXfNCZW,1,KTC-1156,catclayton
2017-06-28,qUWx3h8vlBKgc0E3,5,KTC-1326,mcmaster
2017-06-28,qcAE0MPxrSxwZDZo,1,KTC-1116,irmshred
2017-06-28,qgzBRD82OvkPJIuF,2,KTC-1711,catreman
2017-06-28,qha6ed9A8pJ9U96H,2,KTC-1402,catreman
2017-06-28,qqnZjfZVphykDadx,2,KTC-1763,ccbcc-drivers
2017-06-28,qvMuJKUXVUXKgyWf,7,KTC-1249,cintasgb
2017-06-28,rGIIEqEheJupUTld,2,KTC-1665,catreman
2017-06-28,rWANKyYchaOucFpr,16,KTC-1730,ccbcc-drivers
2017-06-28,rnvW2BXX1j15XHkQ,1,KTC-1083,catwamego
2017-06-28,rpMJBVC2DsV4LYlq,1,KTC-1361,syscoboston
2017-06-28,ry7v01zSTG0MfM1p,2,KTC-1641,catreman
2017-06-28,sAud2F4zkd5gLEYn,1,KTC-1776,ccbcc-drivers
2017-06-28,sE3XqrWjd8dJWjnd,2,KTC-1136,irmshred
2017-06-28,sShTLWuJnYhO6LO4,1,KTC-1724,ccbcc-drivers
2017-06-28,sYLcrD31CWVqjekb,1,KTC-1666,cumminswarehouse
2017-06-28,seSgyb47sujaj2tk,2,KTC-1405,catreman
2017-06-28,slF6K4ukcpuIoGUJ,2,KTC-1122,irmshred
2017-06-28,sxb0eYI5KbFvhgWq,2,KTC-1135,irmshred
2017-06-28,tGXxwgUE2SXBTNyW,2,KTC-1189,irmshred
2017-06-28,tUfWAswoWsUm0riY,2,KTC-1373,mcmaster
2017-06-28,tg9SkIWUvMYxCFYk,2,KTC-1622,catreman
2017-06-28,tgrYjy4z4bb3ETTb,1,KTC-1698,catreman
2017-06-28,ti2UUvNvMTllZ5yG,1,KTC-1679,catreman
2017-06-28,tjEwsgMvxWYYKVti,1,KTC-1140,catclayton
2017-06-28,tltDOIaCiK64clNB,2,KTC-1111,irmshred
2017-06-28,u4ifblGQ9nCcTs1l,1,KTC-1332,syscoboston
2017-06-28,uFTcFADvJQAVM2AJ,1,KTC-1802,ccbcc-warehouse
2017-06-28,uKRciPebLqDElOYN,2,KTC-1688,catreman
2017-06-28,uWaKElnpGxLM5xNr,1,KTC-1862,ccbcc-warehouse
2017-06-28,ucFtfu7YkSEiZ3ow,1,KTC-1753,syscoboston
2017-06-28,ullclMyO9mNehemW,1,KTC-1888,ccbcc-warehouse
2017-06-28,urVbjB2ApPEOkzhr,2,KTC-1660,catreman
2017-06-28,vGsMEYjesP6XiuoP,1,KTC-1853,ccbcc-warehouse
2017-06-28,vWvlehxJmdk10p5W,1,KTC-1096,catwamego
2017-06-28,vmzp6OgKcN6bO9nW,1,KTC-1734,ccbcc-drivers
2017-06-28,w8rQFkn6GPSbqz1Z,2,KTC-1315,cumminswarehouse
2017-06-28,wKt3RFQgy6KMlJFg,2,KTC-1115,irmshred
2017-06-28,wOuB1mvuy11gv3rU,2,KTC-1744,ccbcc-drivers
2017-06-28,wQ3TkqXh4LVSsB9N,2,KTC-1708,catreman
2017-06-28,wkSt1kXri69LAdi9,1,KTC-1351,syscoboston
2017-06-28,wpLEnrjTPweUUnEd,2,KTC-1166,irmshred
2017-06-28,wwVLsmzHoL3ZoHHO,1,KTC-1756,syscoboston
2017-06-28,x014qAVM46fFsZFN,2,KTC-1684,catreman
2017-06-28,x7PZ8x42gPT09YU3,1,KTC-1150,catclayton
2017-06-28,x8gDY0fyXz7bzYv5,2,KTC-1658,catreman
2017-06-28,xI3AMJeGCjuaHZOe,1,KTC-1863,ccbcc-warehouse
2017-06-28,xJWgyFdAdsdbbbaB,1,KTC-1334,syscoboston
2017-06-28,xTbNAm8eGWRrAwe1,1,KTC-1112,catwamego
2017-06-28,xilQBMd8i4cCsk54,2,KTC-1704,catreman
2017-06-28,xl2DjWmxy4HrMjj7,1,KTC-1806,ccbcc-warehouse
2017-06-28,xvDfRPnV4q0igl86,1,KTC-1750,syscoboston
2017-06-28,y1gdqFT0r9CjiUyG,2,KTC-1350,mcmaster
2017-06-28,yEyv52S74BCtOcs1,1,KTC-1707,catreman
2017-06-28,ySCfHJ9zPp82NmEW,1,KTC-1138,catclayton
2017-06-28,yXryOwPvKPpnLeTt,1,KTC-1739,ccbcc-drivers
2017-06-28,yZQYGTbpvIEnXatc,1,KTC-1087,catwamego
2017-06-29,0VeZZD26dOsSbQVG,9,KTC-1160,irmshred
2017-06-29,0eV8LLiL8tKfrqKj,2,KTC-1656,catreman
2017-06-29,0fvzjcqjLaGV1uQ8,2,KTC-1856,ccbcc-warehouse
2017-06-29,1GcB9ocRDE3J1can,1,KTC-1835,ccbcc-warehouse
2017-06-29,1H6oyNtMdTcBNpc8,1,KTC-1654,catreman
2017-06-29,1PkHaqfLHfzVaJdG,1,KTC-1671,cumminswarehouse
2017-06-29,1oEll0rb4i3IcWdD,2,KTC-1751,syscoboston
2017-06-29,1tGKZU2b3oYSIBUr,1,KTC-1624,catreman
2017-06-29,20Ugu4gbSP7gKlSL,1,KTC-1829,ccbcc-warehouse
2017-06-29,24iM4TsHgnR2moKi,2,KTC-1690,catreman
2017-06-29,2B6XgQto7l2rWpZH,1,KTC-1767,ccbcc-drivers
2017-06-29,2FMVOlDg78voyJLW,1,KTC-1079,catwamego
2017-06-29,2FfxJLKTnnk1zCUD,2,KTC-1187,irmshred
2017-06-29,2RKGJNK1QwsW80dO,1,KTC-1137,catclayton
2017-06-29,2icU6CoGiNVrDvvd,1,KTC-1731,ccbcc-drivers
2017-06-29,2nNW82XrhUxjzeZt,1,KTC-1865,ccbcc-warehouse
2017-06-29,2p8Ud18Y41eiT35T,1,KTC-1247,catclayton
2017-06-29,2qayz9rltJu6NaVt,1,KTC-1399,catreman
2017-06-29,2r4HtAihf1ayIpuv,1,KTC-1836,ccbcc-warehouse
2017-06-29,2sIHSo6hduJ6Y87Y,1,KTC-1664,catreman
2017-06-29,2xbB8hXyRZP88VzF,2,KTC-1780,ccbcc-drivers
2017-06-29,30nbIhzxOVIrKo12,1,KTC-1109,irmshred
2017-06-29,346k5xxuOFA4ymxf,2,KTC-1830,ccbcc-warehouse
2017-06-29,3JboG5sbSnatMg2M,2,KTC-1710,catreman
2017-06-29,3PWFV0JKQhKdYDAS,1,KTC-1629,catreman
2017-06-29,3SInutpaFrH3g507,1,KTC-1694,catreman
2017-06-29,3Sk6gtptnyhX1HrL,7,KTC-1859,ccbcc-warehouse
2017-06-29,3ag9ujKcvrwwa8OE,1,KTC-1649,catreman
2017-06-29,3uV9L2bDgeOZVuJG,2,KTC-1772,ccbcc-drivers
2017-06-29,3vMzzXumHGPjDwY7,2,KTC-1712,catreman
2017-06-29,3z8eh774q1JM1utx,1,KTC-1689,catreman
2017-06-29,49brmF3G98mQAjMA,2,KTC-1045,irmshred
2017-06-29,4Am9OqvsfI2sEI72,2,KTC-1133,irmshred
2017-06-29,4DW5egB41frndUUx,1,KTC-1820,ccbcc-warehouse
2017-06-29,4GpfmTYgU17U44Gz,1,KTC-1644,catreman
2017-06-29,4IGOU6D7oXBW1yKy,2,KTC-1768,ccbcc-drivers
2017-06-29,4KWnwXBl4fgBSOOl,1,KTC-1834,ccbcc-warehouse
2017-06-29,4MuLFW2n3fyGxSVs,1,KTC-1709,catreman
2017-06-29,4lTYj8ucvzHEevk2,2,KTC-1121,irmshred
2017-06-29,4nJJ08V34kFf3tav,2,KTC-1188,irmshred
2017-06-29,4peDuxkT6M82zlSI,1,KTC-1878,ccbcc-warehouse
2017-06-29,5HFKZEUzX2Y0dGdF,1,KTC-1872,ccbcc-warehouse
2017-06-29,5RAYOhg9WJcXQGyS,2,KTC-1200,irmshred
2017-06-29,5zzgHRi8TN0ulZrv,1,KTC-1827,ccbcc-warehouse
2017-06-29,65NToxN3j1i6y1Vq,1,KTC-1099,catwamego
2017-06-29,6IHxobhI2MabBkUy,1,KTC-1743,ccbcc-drivers
2017-06-29,6INck3RyNpXfeLAP,1,KTC-1098,catwamego
2017-06-29,6LFdLhQTwe6Vgvm9,1,KTC-1097,catwamego
2017-06-29,6OqciH3GkwmT75nc,1,KTC-1102,catwamego
2017-06-29,6WwaB4zXCkloUjFK,2,KTC-1636,catreman
2017-06-29,6hP50W0lzhH1Pb3K,2,KTC-1634,catreman
2017-06-29,6hf0e8KN0DzNdCZO,1,KTC-1104,catwamego
2017-06-29,6sJQVgKas3Rtz7yX,1,KTC-1146,catclayton
2017-06-29,73fb6kzzIksTu8zV,1,KTC-1093,catwamego
2017-06-29,78QUCFfRDVXXMq94,1,KTC-1672,catreman
2017-06-29,7LVh0jXtl9srmxQ8,2,KTC-1857,ccbcc-warehouse
2017-06-29,7PGHETBXwyipwZK5,1,KTC-1721,ccbcc-drivers
2017-06-29,7STAyJDWajHvrpOY,1,KTC-1784,ccbcc-drivers
2017-06-29,7o2I1TsL9ggSSVZq,2,KTC-1388,cumminswarehouse
2017-06-29,7tXitn4J9V7uR0Vb,2,KTC-1191,irmshred
2017-06-29,8CUj3ukVrIckWJ5H,1,KTC-1855,ccbcc-warehouse
2017-06-29,8je8fbShpEVMZNXA,1,KTC-1190,irmshred
2017-06-29,9I8vJzFpUo3CyBbU,1,KTC-1682,catreman
2017-06-29,9LRIFUfhp9HVrAfH,8,KTC-1240,cintasgb
2017-06-29,9LbM3DA4xt6ezigg,1,KTC-1094,catwamego
2017-06-29,9Tj4ZZw4FmxkIaqP,1,KTC-1864,ccbcc-warehouse
2017-06-29,9WjtUiWiLyE2vLw4,1,KTC-1718,ccbcc-drivers
2017-06-29,9Yf5scfK2DlBOBeU,1,KTC-1095,catwamego
2017-06-29,9opDAiQn2YQRB3Ke,2,KTC-1706,catreman
2017-06-29,9w2WmAAlunQFhobc,1,KTC-1678,catreman
2017-06-29,A64YA6q0djJNVPNm,1,KTC-1076,catwamego
2017-06-29,AEwG3JpA7vfUFOJQ,1,KTC-1148,catclayton
2017-06-29,AfzkRgzIe1mN7F2F,1,KTC-1615,catreman
2017-06-29,Am3Yp4Tx2R2rugHX,2,KTC-1114,irmshred
2017-06-29,B4TURmeoEXCC9Kao,2,KTC-1203,irmshred
2017-06-29,B7rg7wW5LWAZHzvs,1,KTC-1669,catreman
2017-06-29,BMwEYZCQdtUmzcDb,8,KTC-1251,cintasgb
2017-06-29,BSbwR9CBAOfbexVa,1,KTC-1170,syscoboston
2017-06-29,BUPhq514mghKDfHi,1,KTC-1833,ccbcc-warehouse
2017-06-29,BdLHqXKhX4ylg5i9,2,KTC-1695,catreman
2017-06-29,Bdau1FK2unTN6yB3,2,KTC-1161,irmshred
2017-06-29,BerEw4xdgugNTpeN,1,KTC-1850,ccbcc-warehouse
2017-06-29,Bmcw6Kl3fFNs9PhK,1,KTC-1119,irmshred
2017-06-29,BxMkECW4qarPquTZ,2,KTC-1162,irmshred
2017-06-29,CF2XWjGUYepC98ti,1,KTC-1803,ccbcc-warehouse
2017-06-29,CLzdMIRZ21myIjE9,1,KTC-1333,syscoboston
2017-06-29,CO6hJMjafJOu1dy2,1,KTC-1616,catreman
2017-06-29,COQLTGetPgaKptJw,1,KTC-1155,catclayton
2017-06-29,CY3tbuSmNpHhm7ZL,2,KTC-1128,irmshred
2017-06-29,CZ3SwNdVruhgyPQB,1,KTC-1680,cumminswarehouse
2017-06-29,CbUTmE3T8IR7ycz0,1,KTC-1887,ccbcc-warehouse
2017-06-29,CeiSZWoj5r46Hxm0,2,KTC-1352,mcmaster
2017-06-29,ChY7ItmTG6SmqGEs,1,KTC-1337,syscoboston
2017-06-29,CqKgPbsxT2H722EZ,2,KTC-1670,cumminswarehouse
2017-06-29,CrVqNCUA1TGKEnt7,1,KTC-1885,ccbcc-warehouse
2017-06-29,D8ZmlX3yYkTkGkcW,1,KTC-1152,catclayton
2017-06-29,DOE6cZp5BoFGB4nv,2,KTC-1129,irmshred
2017-06-29,DXiHdYFJImHeuWLj,1,KTC-1881,ccbcc-warehouse
2017-06-29,DXx06W2jD2mxLJjb,1,KTC-1661,catreman
2017-06-29,DiBN5Opdtl2As9Ei,1,KTC-1327,mcmaster
2017-06-29,DjnzoAdO7nEfxmIt,13,KTC-1241,cintasgb
2017-06-29,DlXIa3OZuEJyAqEx,1,KTC-1209,irmshred
2017-06-29,E5SrIWEypxNF3ZoC,1,KTC-1842,ccbcc-warehouse
2017-06-29,E863EQZxM4yoJut9,1,KTC-1843,ccbcc-warehouse
2017-06-29,ENtatbpaa7uuluwc,2,KTC-1647,catreman
2017-06-29,EWY8krTh7fmuXonK,1,KTC-1811,ccbcc-warehouse
2017-06-29,EZBMYSfLkiTnq12v,2,KTC-1715,catreman
2017-06-29,EhrUAiQ79ru6JMbH,1,KTC-1120,irmshred
2017-06-29,EjhMX0QOxiNdLJvC,2,KTC-1193,irmshred
2017-06-29,F3dyobd9LpDHR9ZI,2,KTC-1790,ccbcc-drivers
2017-06-29,FFsAkZC8jqGXc9cB,3,KTC-1781,ccbcc-drivers
2017-06-29,FTHBNxzmjej3ChFa,2,KTC-1638,catreman
2017-06-29,FhUN4wS09v50iwq4,2,KTC-1759,ccbcc-drivers
2017-06-29,FntnUT1VbWW2erjh,2,KTC-1044,irmshred
2017-06-29,FtoCVxHkkI1t5iCZ,1,KTC-1330,mcmaster
2017-06-29,G9H8ZS8ba3fUJ3hy,1,KTC-1092,catwamego
2017-06-29,GMVpKEUrwDHnYHV9,2,KTC-1205,irmshred
2017-06-29,GSYNogWQyzCpzlnY,1,KTC-1364,syscoboston
2017-06-29,Gbejjxdq4bml3CFK,1,KTC-1130,irmshred
2017-06-29,GkopaIjKlnSmD0bQ,2,KTC-1123,irmshred
2017-06-29,GrESfWqmY2p2ViOq,2,KTC-1841,ccbcc-warehouse
2017-06-29,GxXiMDwkqq4BRri5,1,KTC-1725,ccbcc-drivers
2017-06-29,H3t9jCO96UXN7DeE,1,KTC-1851,ccbcc-warehouse
2017-06-29,H6yoX06DOktiFWJ6,1,KTC-1788,ccbcc-drivers
2017-06-29,HBHFZxHUflJaAKiK,1,KTC-1804,ccbcc-warehouse
2017-06-29,HIpZ3pV9vuj8Tvvc,1,KTC-1144,catclayton
2017-06-29,HYuj8xJpVRb1Wytu,1,KTC-1723,ccbcc-drivers
2017-06-29,Hk86as0sjRvgk4xL,2,KTC-1628,catreman
2017-06-29,HoXhInUZzCMhcvzq,1,KTC-1890,ccbcc-warehouse
2017-06-29,HvgVcPxdZcFRJr0u,1,KTC-1149,catclayton
2017-06-29,HyoisRijHMyWxVQp,1,KTC-1151,catclayton
2017-06-29,I2wvNuvBJyzgrv1c,1,KTC-1858,ccbcc-warehouse
2017-06-29,I6m6HAcF39j8ceRH,2,KTC-1391,cumminswarehouse
2017-06-29,IQop62X8vNCjyyPw,2,KTC-1318,cumminswarehouse
2017-06-29,ISjqKHri4Q303CkB,1,KTC-1700,catreman
2017-06-29,IXsT5xqhLA3745QD,2,KTC-1681,catreman
2017-06-29,IYMwtdqLuRmp8lQi,1,KTC-1686,catreman
2017-06-29,IjjlJ1cl9wY58PZU,1,KTC-1847,ccbcc-warehouse
2017-06-29,IkOesySOg9C0Bbpk,1,KTC-1367,mcmaster
2017-06-29,IoJ4HD8lZLN1kYgo,1,KTC-1238,cintasgb
2017-06-29,IyqaqHXBUXycz0ZC,1,KTC-1365,syscoboston
2017-06-29,Iz4jxCNIHyT2xCxI,1,KTC-1697,catreman
2017-06-29,J3r0OK5680BQ74bF,1,KTC-1720,ccbcc-drivers
2017-06-29,J5EnXVzlCeGqF2Pe,1,KTC-1090,catwamego
2017-06-29,JMeWirPq2WoJnTBm,2,KTC-1617,catreman
2017-06-29,JPpKmh3VjMSenuB3,2,KTC-1633,catreman
2017-06-29,JaEjWnpVHMROpfTS,1,KTC-1738,ccbcc-drivers
2017-06-29,Je2RB8uTsOJck6g1,3,KTC-1384,catreman
2017-06-29,K2X0i7WMx8lhPCMK,1,KTC-1614,catreman
2017-06-29,KXTEbVaP3i1UFqyx,2,KTC-1639,catreman
2017-06-29,KcMbK7F2WfVCvRnr,2,KTC-1635,catreman
2017-06-29,KcTmKjPRILevVsAb,1,KTC-1873,ccbcc-warehouse
2017-06-29,L6tsxudRI30zzaBq,2,KTC-1683,catreman
2017-06-29,LDI2K7T4mytvpvE1,2,KTC-1703,catreman
2017-06-29,LPBOFabPS05whmxw,2,KTC-1657,catreman
2017-06-29,LSuqIUKXsjSu60D2,1,KTC-1832,ccbcc-warehouse
2017-06-29,LTwcJ2yDKEhGvFm5,1,KTC-1383,catreman
2017-06-29,LeXKYu67ylo3vsCR,1,KTC-1353,syscoboston
2017-06-29,LpJW6jY78z0wbE10,2,KTC-1201,irmshred
2017-06-29,M1CbXK4IRK6kGQZr,2,KTC-1643,catreman
2017-06-29,MT0ufIFASKBx69lJ,3,KTC-1722,ccbcc-drivers
2017-06-29,MWhulgoirKaT0XX4,1,KTC-1618,catreman
2017-06-29,MYgBcFL7A2hEiE3i,1,KTC-1821,ccbcc-warehouse
2017-06-29,Mh9wYJOhxdEMA2ns,1,KTC-1336,syscoboston
2017-06-29,MkTnHjcpcepJ7YIT,1,KTC-1814,ccbcc-warehouse
2017-06-29,Mx4SjoTQYRos3xfl,7,KTC-1248,cintasgb
2017-06-29,MxwwNyTPsXCMaH2v,2,KTC-1746,ccbcc-drivers
2017-06-29,N6EcuzzmSPxu6pyG,2,KTC-1164,irmshred
2017-06-29,N954Bq2HSJoi1Ao2,1,KTC-1822,ccbcc-warehouse
2017-06-29,NAz6qTcooQ7wcWuQ,1,KTC-1401,catreman
2017-06-29,NJa2MdqS4jN3MknF,2,KTC-1716,catreman
2017-06-29,NZMJOvXS32DIq0uh,1,KTC-1142,catclayton
2017-06-29,Nep9Q7LIAg5FsMoX,1,KTC-1393,cumminswarehouse
2017-06-29,O7PoNMLAKEBdKwAN,1,KTC-1860,ccbcc-warehouse
2017-06-29,OBEGN7LZJWg1CMsR,2,KTC-1650,catreman
2017-06-29,OFcGK2TYwFJueXhW,1,KTC-1824,ccbcc-warehouse
2017-06-29,ONONETM0B1rjbz8u,1,KTC-1685,catreman
2017-06-29,OUGdC4lWUf2Jnb1h,1,KTC-1084,catwamego
2017-06-29,OXGQTKjHLqKfuFbb,1,KTC-1742,ccbcc-drivers
2017-06-29,OiQL6Kn87EmDBBd6,1,KTC-1849,ccbcc-warehouse
2017-06-29,OiYyqGm9Fa4gdCLd,8,KTC-1889,ccbcc-warehouse
2017-06-29,OoXtxScJrZpWSTVY,1,KTC-1897,ccbcc-warehouse
2017-06-29,Opo4aBNmrY50e933,12,KTC-1799,ccbcc-drivers
2017-06-29,OtqxVhk3IfmTpejp,2,KTC-1801,ccbcc-drivers
2017-06-29,P0UP2rjuRjTUJm7b,3,KTC-1846,ccbcc-warehouse
2017-06-29,P80mJ6zQLtMMnl1S,8,KTC-1127,irmshred
2017-06-29,PAK0WLh4dUMLRvh1,1,KTC-1825,ccbcc-warehouse
2017-06-29,PEHBbghFyncAY20S,2,KTC-1719,ccbcc-drivers
2017-06-29,PpJYoXFr05GLig5G,1,KTC-1662,catreman
2017-06-29,Q1y9ndPinDlzY4pw,1,KTC-1879,ccbcc-warehouse
2017-06-29,Q3GwimHWStq94LvM,1,KTC-1158,irmshred
2017-06-29,Q3VJHIKuD8BvMkHE,2,KTC-1653,catreman
2017-06-29,Q9T7SBbRe2Aw4zNv,1,KTC-1701,catreman
2017-06-29,QSlAb1vbPm5CTitO,1,KTC-1791,ccbcc-drivers
2017-06-29,QZJpIQjJSVqtnPfS,1,KTC-1749,syscoboston
2017-06-29,QwMqh2wmTjFsuZ8F,2,KTC-1798,ccbcc-drivers
2017-06-29,RLMY2c2L8RmxRCFp,2,KTC-1195,irmshred
2017-06-29,RRAwSLR2KqbTB0Zp,2,KTC-1761,ccbcc-drivers
2017-06-29,RddVUhCLDc5Y9Ig4,9,KTC-1762,ccbcc-drivers
2017-06-29,RepIOek3pYjjtJM1,1,KTC-1108,irmshred
2017-06-29,RkxJCCiKpc5ExJ4J,1,KTC-1777,ccbcc-drivers
2017-06-29,SQppaGfLpXhu90ue,1,KTC-1078,catwamego
2017-06-29,SpCHextsJwDMUrUg,1,KTC-1826,ccbcc-warehouse
2017-06-29,StfiVwoKWs1TnstK,1,KTC-1807,ccbcc-warehouse
2017-06-29,SxOi1Q5cXXFCicuJ,1,KTC-1818,ccbcc-warehouse
2017-06-29,TFfHBUvDrT0A5ZED,1,KTC-1631,catreman
2017-06-29,TU8dEDhTjmQ43iWY,2,KTC-1329,catreman
2017-06-29,TiYEoErSIixhWbTO,1,KTC-1800,ccbcc-drivers
2017-06-29,TwThJBQrsbYVjrsC,2,KTC-1630,catreman
2017-06-29,U1o1CWWgfT9SW22L,1,KTC-1145,catclayton
2017-06-29,UNsaXXcZ5NjY8VLK,1,KTC-1655,catreman
2017-06-29,UQsE5jjJrsEMZDWc,1,KTC-1239,cintasgb
2017-06-29,UUY9QICkqwJSU6TO,1,KTC-1673,cumminswarehouse
2017-06-29,UdRDEXIthQ1qb6uk,3,KTC-1714,catreman
2017-06-29,UmI9AGvuPty1TbSN,1,KTC-1779,ccbcc-drivers
2017-06-29,Uqzch5fshhe480k5,1,KTC-1204,irmshred
2017-06-29,UrJKfq9y2Ugc7F09,1,KTC-1674,catreman
2017-06-29,V09Y5tvAVoSG9Erb,1,KTC-1131,irmshred
2017-06-29,V0QUHAYcm6BqU2b0,2,KTC-1386,cumminswarehouse
2017-06-29,VMPy1xwIOIBFkKnj,3,KTC-1766,ccbcc-drivers
2017-06-29,VhwLsXBqoqTtRHkL,1,KTC-1086,catwamego
2017-06-29,VwcTSvfm7U4eY0wp,1,KTC-1147,catclayton
2017-06-29,W80S12XGG6O6Arsb,1,KTC-1839,ccbcc-warehouse
2017-06-29,WDfgCDxEsakJ93hc,1,KTC-1740,ccbcc-drivers
2017-06-29,WLWg87DdbjFffyl3,1,KTC-1769,ccbcc-drivers
2017-06-29,WkNiXONvWQuHfmsX,2,KTC-1620,catreman
2017-06-29,WmB6N7JrHJP2z4v7,8,KTC-1132,irmshred
2017-06-29,WuhgknoYbuPDLtmQ,2,KTC-1702,catreman
2017-06-29,Xb32ZivscxmCoMqG,1,KTC-1091,catwamego
2017-06-29,XhMKqdJAXYigpOto,1,KTC-1736,ccbcc-drivers
2017-06-29,XxYVgbXYm92hdgpA,1,KTC-1837,ccbcc-warehouse
2017-06-29,Y1EwbVfmSHaGMdij,1,KTC-1648,catreman
2017-06-29,Y1etB3LRGBf8saWy,1,KTC-1789,ccbcc-drivers
2017-06-29,Y20jbJFnNdpBJvIj,2,KTC-1110,irmshred
2017-06-29,YF4YDU4sPbzsheip,1,KTC-1817,ccbcc-warehouse
2017-06-29,YX43ayDTVDtcuQci,2,KTC-1382,mcmaster
2017-06-29,YpYXzJVYR8i45wQJ,2,KTC-1760,ccbcc-drivers
2017-06-29,YrkaXv9bBW1ySEN1,1,KTC-1828,ccbcc-warehouse
2017-06-29,YxCQBOmbaGvf8v9z,9,KTC-1197,irmshred
2017-06-29,YyIa5kON8hurYYJ3,1,KTC-1153,catclayton
2017-06-29,aD1obGpqC1rEPzvR,10,KTC-1783,ccbcc-drivers
2017-06-29,aEHDYJFPVNNc2ZJQ,2,KTC-1794,ccbcc-drivers
2017-06-29,aPQCjvx3sigVFtOV,1,KTC-1797,ccbcc-drivers
2017-06-29,aQewmrVzsgev4ZfI,1,KTC-1107,irmshred
2017-06-29,al5mEIpBc47WeUuu,2,KTC-1387,cumminswarehouse
2017-06-29,an70hg53xUAZ5Vct,1,KTC-1105,catwamego
2017-06-29,anlp3Q72VxBZ8Fkz,1,KTC-1085,catwamego
2017-06-29,bE9t9YjgI8vKq5Ok,2,KTC-1676,catreman
2017-06-29,bH0PYKR6fFUw2ue2,1,KTC-1088,catwamego
2017-06-29,bUvKevITXmGITKDI,1,KTC-1080,catwamego
2017-06-29,bXDc3i8kkGub2yGU,2,KTC-1713,catreman
2017-06-29,bdeOLve9kNHRgctj,2,KTC-1642,catreman
2017-06-29,c1Nj3oYogQt4Kr5s,2,KTC-1221,cintasgb
2017-06-29,c8IEygEwOTbEqccv,1,KTC-1898,ccbcc-warehouse
2017-06-29,cMMxDgegrOxJZUAN,1,KTC-1785,ccbcc-drivers
2017-06-29,ccLcyqaBVwhVaieu,2,KTC-1396,catreman
2017-06-29,ck1CArY76D4Kq54t,1,KTC-1886,ccbcc-warehouse
2017-06-29,ctoK5sRyHXHt9xML,2,KTC-1735,ccbcc-drivers
2017-06-29,czb0WEarn2RgNKgD,1,KTC-1764,ccbcc-drivers
2017-06-29,dFKZrgaSaAD9amA3,1,KTC-1687,catreman
2017-06-29,dOda8VuzqvRQ5B8C,1,KTC-1793,ccbcc-drivers
2017-06-29,dlgPcJbQa6trkP5A,2,KTC-1831,ccbcc-warehouse
2017-06-29,eBlYRG04KGyMtNpl,1,KTC-1340,syscoboston
2017-06-29,eCrM9Pm9NqwGCyOG,9,KTC-1159,irmshred
2017-06-29,eDKudM5MqUocstKx,1,KTC-1813,ccbcc-warehouse
2017-06-29,eRXACbEsya0msXAP,1,KTC-1637,catreman
2017-06-29,edN8KgriVAy6f1ze,2,KTC-1392,cumminswarehouse
2017-06-29,edhnmuBbCHw8zbOQ,1,KTC-1141,catclayton
2017-06-29,ehZhhTPIBUoMXnFW,1,KTC-1892,ccbcc-warehouse
2017-06-29,ejC7ryI5wQMDwhF2,2,KTC-1652,catreman
2017-06-29,emHRFqtWAtQSz0vG,1,KTC-1126,irmshred
2017-06-29,emJLOB8Y6MvtjutC,1,KTC-1691,catreman
2017-06-29,epyDTAgd0Y75Fysg,1,KTC-1882,ccbcc-warehouse
2017-06-29,fB4iyPmCdLilBEWm,1,KTC-1125,irmshred
2017-06-29,fH4LLom1IfPvR7rA,2,KTC-1626,catreman
2017-06-29,fIPNxhkqosGAwb9l,1,KTC-1627,catreman
2017-06-29,fST6x6G7FmwOR9uJ,1,KTC-1795,ccbcc-drivers
2017-06-29,fy2D5vbI0R5EpY7T,1,KTC-1840,ccbcc-warehouse
2017-06-29,g1CtQTpQGssK17vB,1,KTC-1081,catwamego
2017-06-29,g1XDOm5Xjk4OYkYP,1,KTC-1089,catwamego
2017-06-29,gFxOoITVBgvXDwzH,2,KTC-1667,cumminswarehouse
2017-06-29,gMhzAJNILvBEJ4JP,2,KTC-1252,cintasgb
2017-06-29,gPY0zhpL66rVuewT,1,KTC-1869,ccbcc-warehouse
2017-06-29,gTgq5UmOn4IUJHaX,1,KTC-1752,syscoboston
2017-06-29,gfhn5lUtnybRfxqd,1,KTC-1748,syscoboston
2017-06-29,gfpPjXYCb4bzUUrq,1,KTC-1693,catreman
2017-06-29,gfzonm4VZd9eX0zP,1,KTC-1319,cumminswarehouse
2017-06-29,ggFcp6bqitz9H1za,1,KTC-1139,catclayton
2017-06-29,hT6Vx9GGSOZgca6T,1,KTC-1741,ccbcc-drivers
2017-06-29,hUOb0ghy1lD0wa5C,1,KTC-1815,ccbcc-warehouse
2017-06-29,hVrZIFHjZcdITvcZ,2,KTC-1157,irmshred
2017-06-29,hX6WYQfzr7QNifGo,1,KTC-1082,catwamego
2017-06-29,i7hYg3SOMysvwWYE,2,KTC-1659,catreman
2017-06-29,iIy6ftpJBMxBAWnx,1,KTC-1733,ccbcc-drivers
2017-06-29,iPXDCmkpGxxYuIa9,1,KTC-1848,ccbcc-warehouse
2017-06-29,iQOCAPKMPGe5hbN7,1,KTC-1808,ccbcc-warehouse
2017-06-29,ihQiXCArrIKpcAvv,1,KTC-1113,irmshred
2017-06-29,iiDiCF1MzjEBNBvp,2,KTC-1165,irmshred
2017-06-29,jROwPvnZTxmPSbm4,2,KTC-1316,cumminswarehouse
2017-06-29,jfgE54EqweSgarH6,1,KTC-1103,catwamego
2017-06-29,jstw66KQC06W4nTB,2,KTC-1349,mcmaster
2017-06-29,k4BwgCldV6cTyXUB,2,KTC-1717,ccbcc-drivers
2017-06-29,kEA2rZ45A0mVwH3t,1,KTC-1663,catreman
2017-06-29,kKG7WVCRwI4BC4JT,2,KTC-1771,ccbcc-drivers
2017-06-29,kekfSKHFJPfgmnDj,1,KTC-1348,mcmaster
2017-06-29,kiDaTIMtkFGACmKs,2,KTC-1705,catreman
2017-06-29,kkG8k7e4gHMuGX0f,2,KTC-1621,catreman
2017-06-29,klPKsk1QZnky9hxu,1,KTC-1345,mcmaster
2017-06-29,lG3oK9bgpdpacuzd,1,KTC-1317,cumminswarehouse
2017-06-29,m8NeqIUWplSFlrUx,1,KTC-1696,catreman
2017-06-29,mBW3TotxRjjxLIO2,2,KTC-1792,ccbcc-drivers
2017-06-29,mPJ2120JWilFWqyp,2,KTC-1668,cumminswarehouse
2017-06-29,mU9ANrJnxqOAVP1S,2,KTC-1403,catreman
2017-06-29,mlYw3hcVsqDXPqbg,4,KTC-1237,cintasgb
2017-06-29,mnRpAlajk2A2SLEs,1,KTC-1732,ccbcc-drivers
2017-06-29,mqD23pStOiODQYSQ,1,KTC-1101,catwamego
2017-06-29,n1YlcyWkW26tZQ4W,1,KTC-1646,catreman
2017-06-29,n9IVLucEONF9J6oY,1,KTC-1891,ccbcc-warehouse
2017-06-29,nC1T6K2M4vrnD2xT,1,KTC-1207,irmshred
2017-06-29,nOqYVbvujO6OecKR,1,KTC-1355,mcmaster
2017-06-29,nWbVFsA9AsA1XUCt,1,KTC-1854,ccbcc-warehouse
2017-06-29,nZjh4uV4O4wndrV4,2,KTC-1623,catreman
2017-06-29,nqajhtBnlqbtrubM,2,KTC-1845,ccbcc-warehouse
2017-06-29,o72ICinzIg7SwvOX,2,KTC-1625,catreman
2017-06-29,oDLOLZPLIcu2rDwI,1,KTC-1699,catreman
2017-06-29,oDjP8g1FIDtRup5C,1,KTC-1819,ccbcc-warehouse
2017-06-29,oJ3LKiVZYpk1vGNu,3,KTC-1198,irmshred
2017-06-29,oRqxI3B5jFqyyH2B,2,KTC-1852,ccbcc-warehouse
2017-06-29,ocJnqwuskxw4rnzK,2,KTC-1199,irmshred
2017-06-29,ofa4gVPgJPWf68IM,2,KTC-1745,ccbcc-drivers
2017-06-29,p8uNfrtJZQuXVTER,1,KTC-1038,catwamego
2017-06-29,pAUd9FTwraKYz8JW,9,KTC-1390,catreman
2017-06-29,pRsqjHpgUbWaf0ar,2,KTC-1645,catreman
2017-06-29,pWBAAFjKQas2uYQn,1,KTC-1726,ccbcc-drivers
2017-06-29,pasVqyB5oDdwz0Km,1,KTC-1154,catclayton
2017-06-29,pgzmmgSJl5yMBTid,2,KTC-1124,irmshred
2017-06-29,pw2yAlmspoXfNCZW,1,KTC-1156,catclayton
2017-06-29,q6yZXt1PeONtrsFL,1,KTC-1344,syscoboston
2017-06-29,qUWx3h8vlBKgc0E3,1,KTC-1326,mcmaster
2017-06-29,qcAE0MPxrSxwZDZo,2,KTC-1116,irmshred
2017-06-29,qgzBRD82OvkPJIuF,1,KTC-1711,catreman
2017-06-29,qha6ed9A8pJ9U96H,1,KTC-1402,catreman
2017-06-29,qqnZjfZVphykDadx,1,KTC-1763,ccbcc-drivers
2017-06-29,qvMuJKUXVUXKgyWf,2,KTC-1249,cintasgb
2017-06-29,rGIIEqEheJupUTld,1,KTC-1665,catreman
2017-06-29,rLPuqvv2cS9XZ6BG,1,KTC-1729,ccbcc-drivers
2017-06-29,rWANKyYchaOucFpr,7,KTC-1730,ccbcc-drivers
2017-06-29,rnvW2BXX1j15XHkQ,1,KTC-1083,catwamego
2017-06-29,ry7v01zSTG0MfM1p,2,KTC-1641,catreman
2017-06-29,sAud2F4zkd5gLEYn,2,KTC-1776,ccbcc-drivers
2017-06-29,sE3XqrWjd8dJWjnd,2,KTC-1136,irmshred
2017-06-29,sShTLWuJnYhO6LO4,1,KTC-1724,ccbcc-drivers
2017-06-29,sYLcrD31CWVqjekb,2,KTC-1666,cumminswarehouse
2017-06-29,seSgyb47sujaj2tk,2,KTC-1405,catreman
2017-06-29,slF6K4ukcpuIoGUJ,2,KTC-1122,irmshred
2017-06-29,sxb0eYI5KbFvhgWq,2,KTC-1135,irmshred
2017-06-29,tGXxwgUE2SXBTNyW,1,KTC-1189,irmshred
2017-06-29,tg9SkIWUvMYxCFYk,2,KTC-1622,catreman
2017-06-29,tgrYjy4z4bb3ETTb,1,KTC-1698,catreman
2017-06-29,ti2UUvNvMTllZ5yG,1,KTC-1679,catreman
2017-06-29,tjEwsgMvxWYYKVti,1,KTC-1140,catclayton
2017-06-29,tltDOIaCiK64clNB,2,KTC-1111,irmshred
2017-06-29,u4ifblGQ9nCcTs1l,1,KTC-1332,syscoboston
2017-06-29,uFTcFADvJQAVM2AJ,1,KTC-1802,ccbcc-warehouse
2017-06-29,uKRciPebLqDElOYN,2,KTC-1688,catreman
2017-06-29,uWaKElnpGxLM5xNr,1,KTC-1862,ccbcc-warehouse
2017-06-29,ullclMyO9mNehemW,1,KTC-1888,ccbcc-warehouse
2017-06-29,urVbjB2ApPEOkzhr,1,KTC-1660,catreman
2017-06-29,vGsMEYjesP6XiuoP,2,KTC-1853,ccbcc-warehouse
2017-06-29,vWvlehxJmdk10p5W,1,KTC-1096,catwamego
2017-06-29,vmzp6OgKcN6bO9nW,2,KTC-1734,ccbcc-drivers
2017-06-29,w8rQFkn6GPSbqz1Z,2,KTC-1315,cumminswarehouse
2017-06-29,wKt3RFQgy6KMlJFg,1,KTC-1115,irmshred
2017-06-29,wOuB1mvuy11gv3rU,2,KTC-1744,ccbcc-drivers
2017-06-29,wQ3TkqXh4LVSsB9N,2,KTC-1708,catreman
2017-06-29,wkSt1kXri69LAdi9,1,KTC-1351,syscoboston
2017-06-29,wpLEnrjTPweUUnEd,2,KTC-1166,irmshred
2017-06-29,wwVLsmzHoL3ZoHHO,1,KTC-1756,syscoboston
2017-06-29,x014qAVM46fFsZFN,2,KTC-1684,catreman
2017-06-29,x7PZ8x42gPT09YU3,1,KTC-1150,catclayton
2017-06-29,x8gDY0fyXz7bzYv5,1,KTC-1658,catreman
2017-06-29,xI3AMJeGCjuaHZOe,1,KTC-1863,ccbcc-warehouse
2017-06-29,xJWgyFdAdsdbbbaB,1,KTC-1334,syscoboston
2017-06-29,xTbNAm8eGWRrAwe1,1,KTC-1112,catwamego
2017-06-29,xilQBMd8i4cCsk54,2,KTC-1704,catreman
2017-06-29,xl2DjWmxy4HrMjj7,1,KTC-1806,ccbcc-warehouse
2017-06-29,xvDfRPnV4q0igl86,1,KTC-1750,syscoboston
2017-06-29,yEyv52S74BCtOcs1,2,KTC-1707,catreman
2017-06-29,ySCfHJ9zPp82NmEW,1,KTC-1138,catclayton
2017-06-29,yXryOwPvKPpnLeTt,1,KTC-1739,ccbcc-drivers
2017-06-29,yZQYGTbpvIEnXatc,1,KTC-1087,catwamego
2017-06-30,0VeZZD26dOsSbQVG,3,KTC-1160,irmshred
2017-06-30,0eV8LLiL8tKfrqKj,1,KTC-1656,catreman
2017-06-30,0fvzjcqjLaGV1uQ8,2,KTC-1856,ccbcc-warehouse
2017-06-30,1GcB9ocRDE3J1can,1,KTC-1835,ccbcc-warehouse
2017-06-30,1PkHaqfLHfzVaJdG,1,KTC-1671,cumminswarehouse
2017-06-30,20Ugu4gbSP7gKlSL,2,KTC-1829,ccbcc-warehouse
2017-06-30,24iM4TsHgnR2moKi,1,KTC-1690,catreman
2017-06-30,2B6XgQto7l2rWpZH,1,KTC-1767,ccbcc-drivers
2017-06-30,2FMVOlDg78voyJLW,1,KTC-1079,catwamego
2017-06-30,2FfxJLKTnnk1zCUD,2,KTC-1187,irmshred
2017-06-30,2RKGJNK1QwsW80dO,1,KTC-1137,catclayton
2017-06-30,2icU6CoGiNVrDvvd,1,KTC-1731,ccbcc-drivers
2017-06-30,2nNW82XrhUxjzeZt,1,KTC-1865,ccbcc-warehouse
2017-06-30,2p8Ud18Y41eiT35T,1,KTC-1247,catclayton
2017-06-30,2r4HtAihf1ayIpuv,1,KTC-1836,ccbcc-warehouse
2017-06-30,2xbB8hXyRZP88VzF,2,KTC-1780,ccbcc-drivers
2017-06-30,30nbIhzxOVIrKo12,2,KTC-1109,irmshred
2017-06-30,3BftE4WRij8hO7kb,2,KTC-1838,ccbcc-warehouse
2017-06-30,3JboG5sbSnatMg2M,1,KTC-1710,catreman
2017-06-30,3SInutpaFrH3g507,1,KTC-1694,catreman
2017-06-30,3Sk6gtptnyhX1HrL,7,KTC-1859,ccbcc-warehouse
2017-06-30,3ag9ujKcvrwwa8OE,1,KTC-1649,catreman
2017-06-30,3uV9L2bDgeOZVuJG,1,KTC-1772,ccbcc-drivers
2017-06-30,3vMzzXumHGPjDwY7,1,KTC-1712,catreman
2017-06-30,3z8eh774q1JM1utx,1,KTC-1689,catreman
2017-06-30,49brmF3G98mQAjMA,1,KTC-1045,irmshred
2017-06-30,4Am9OqvsfI2sEI72,2,KTC-1133,irmshred
2017-06-30,4DW5egB41frndUUx,1,KTC-1820,ccbcc-warehouse
2017-06-30,4GpfmTYgU17U44Gz,1,KTC-1644,catreman
2017-06-30,4IGOU6D7oXBW1yKy,1,KTC-1768,ccbcc-drivers
2017-06-30,4KWnwXBl4fgBSOOl,2,KTC-1834,ccbcc-warehouse
2017-06-30,4MuLFW2n3fyGxSVs,1,KTC-1709,catreman
2017-06-30,4lTYj8ucvzHEevk2,2,KTC-1121,irmshred
2017-06-30,4nJJ08V34kFf3tav,1,KTC-1188,irmshred
2017-06-30,4peDuxkT6M82zlSI,1,KTC-1878,ccbcc-warehouse
2017-06-30,5HFKZEUzX2Y0dGdF,1,KTC-1872,ccbcc-warehouse
2017-06-30,5RAYOhg9WJcXQGyS,2,KTC-1200,irmshred
2017-06-30,65NToxN3j1i6y1Vq,1,KTC-1099,catwamego
2017-06-30,6IHxobhI2MabBkUy,1,KTC-1743,ccbcc-drivers
2017-06-30,6INck3RyNpXfeLAP,1,KTC-1098,catwamego
2017-06-30,6LFdLhQTwe6Vgvm9,1,KTC-1097,catwamego
2017-06-30,6OqciH3GkwmT75nc,1,KTC-1102,catwamego
2017-06-30,6WwaB4zXCkloUjFK,1,KTC-1636,catreman
2017-06-30,6hP50W0lzhH1Pb3K,1,KTC-1634,catreman
2017-06-30,6hf0e8KN0DzNdCZO,1,KTC-1104,catwamego
2017-06-30,6sJQVgKas3Rtz7yX,1,KTC-1146,catclayton
2017-06-30,73fb6kzzIksTu8zV,1,KTC-1093,catwamego
2017-06-30,78QUCFfRDVXXMq94,1,KTC-1672,catreman
2017-06-30,7LVh0jXtl9srmxQ8,2,KTC-1857,ccbcc-warehouse
2017-06-30,7STAyJDWajHvrpOY,1,KTC-1784,ccbcc-drivers
2017-06-30,7tXitn4J9V7uR0Vb,1,KTC-1191,irmshred
2017-06-30,8je8fbShpEVMZNXA,1,KTC-1190,irmshred
2017-06-30,9I8vJzFpUo3CyBbU,1,KTC-1682,catreman
2017-06-30,9LRIFUfhp9HVrAfH,16,KTC-1240,cintasgb
2017-06-30,9LbM3DA4xt6ezigg,1,KTC-1094,catwamego
2017-06-30,9Tj4ZZw4FmxkIaqP,1,KTC-1864,ccbcc-warehouse
2017-06-30,9WjtUiWiLyE2vLw4,1,KTC-1718,ccbcc-drivers
2017-06-30,9Yf5scfK2DlBOBeU,1,KTC-1095,catwamego
2017-06-30,9opDAiQn2YQRB3Ke,1,KTC-1706,catreman
2017-06-30,9w2WmAAlunQFhobc,1,KTC-1678,catreman
2017-06-30,A64YA6q0djJNVPNm,1,KTC-1076,catwamego
2017-06-30,AEwG3JpA7vfUFOJQ,1,KTC-1148,catclayton
2017-06-30,AfzkRgzIe1mN7F2F,1,KTC-1615,catreman
2017-06-30,Am3Yp4Tx2R2rugHX,2,KTC-1114,irmshred
2017-06-30,B4TURmeoEXCC9Kao,2,KTC-1203,irmshred
2017-06-30,BMwEYZCQdtUmzcDb,9,KTC-1251,cintasgb
2017-06-30,BSbwR9CBAOfbexVa,1,KTC-1170,syscoboston
2017-06-30,BUPhq514mghKDfHi,1,KTC-1833,ccbcc-warehouse
2017-06-30,Bdau1FK2unTN6yB3,2,KTC-1161,irmshred
2017-06-30,BerEw4xdgugNTpeN,1,KTC-1850,ccbcc-warehouse
2017-06-30,Bmcw6Kl3fFNs9PhK,1,KTC-1119,irmshred
2017-06-30,BxMkECW4qarPquTZ,2,KTC-1162,irmshred
2017-06-30,CF2XWjGUYepC98ti,1,KTC-1803,ccbcc-warehouse
2017-06-30,CLzdMIRZ21myIjE9,1,KTC-1333,syscoboston
2017-06-30,COQLTGetPgaKptJw,1,KTC-1155,catclayton
2017-06-30,CY3tbuSmNpHhm7ZL,2,KTC-1128,irmshred
2017-06-30,CZ3SwNdVruhgyPQB,1,KTC-1680,cumminswarehouse
2017-06-30,CbUTmE3T8IR7ycz0,1,KTC-1887,ccbcc-warehouse
2017-06-30,CeiSZWoj5r46Hxm0,2,KTC-1352,mcmaster
2017-06-30,ChY7ItmTG6SmqGEs,1,KTC-1337,syscoboston
2017-06-30,CqKgPbsxT2H722EZ,1,KTC-1670,cumminswarehouse
2017-06-30,CrVqNCUA1TGKEnt7,1,KTC-1885,ccbcc-warehouse
2017-06-30,D8ZmlX3yYkTkGkcW,1,KTC-1152,catclayton
2017-06-30,DOE6cZp5BoFGB4nv,3,KTC-1129,irmshred
2017-06-30,DXiHdYFJImHeuWLj,1,KTC-1881,ccbcc-warehouse
2017-06-30,DXx06W2jD2mxLJjb,1,KTC-1661,catreman
2017-06-30,DiBN5Opdtl2As9Ei,1,KTC-1327,mcmaster
2017-06-30,DjnzoAdO7nEfxmIt,7,KTC-1241,cintasgb
2017-06-30,DlXIa3OZuEJyAqEx,1,KTC-1209,irmshred
2017-06-30,E5SrIWEypxNF3ZoC,1,KTC-1842,ccbcc-warehouse
2017-06-30,E82bnvT38SgWpLvL,1,KTC-1339,syscoboston
2017-06-30,E863EQZxM4yoJut9,1,KTC-1843,ccbcc-warehouse
2017-06-30,ENtatbpaa7uuluwc,1,KTC-1647,catreman
2017-06-30,EWY8krTh7fmuXonK,1,KTC-1811,ccbcc-warehouse
2017-06-30,EZBMYSfLkiTnq12v,1,KTC-1715,catreman
2017-06-30,EhrUAiQ79ru6JMbH,2,KTC-1120,irmshred
2017-06-30,EjhMX0QOxiNdLJvC,2,KTC-1193,irmshred
2017-06-30,F3dyobd9LpDHR9ZI,8,KTC-1790,ccbcc-drivers
2017-06-30,FFsAkZC8jqGXc9cB,2,KTC-1781,ccbcc-drivers
2017-06-30,FTHBNxzmjej3ChFa,1,KTC-1638,catreman
2017-06-30,FhUN4wS09v50iwq4,8,KTC-1759,ccbcc-drivers
2017-06-30,FntnUT1VbWW2erjh,2,KTC-1044,irmshred
2017-06-30,FtoCVxHkkI1t5iCZ,1,KTC-1330,mcmaster
2017-06-30,G9H8ZS8ba3fUJ3hy,1,KTC-1092,catwamego
2017-06-30,GMVpKEUrwDHnYHV9,2,KTC-1205,irmshred
2017-06-30,GSYNogWQyzCpzlnY,2,KTC-1364,syscoboston
2017-06-30,Gbejjxdq4bml3CFK,1,KTC-1130,irmshred
2017-06-30,GkopaIjKlnSmD0bQ,2,KTC-1123,irmshred
2017-06-30,GrESfWqmY2p2ViOq,5,KTC-1841,ccbcc-warehouse
2017-06-30,GxXiMDwkqq4BRri5,1,KTC-1725,ccbcc-drivers
2017-06-30,H3t9jCO96UXN7DeE,1,KTC-1851,ccbcc-warehouse
2017-06-30,H6yoX06DOktiFWJ6,1,KTC-1788,ccbcc-drivers
2017-06-30,HBHFZxHUflJaAKiK,1,KTC-1804,ccbcc-warehouse
2017-06-30,HIpZ3pV9vuj8Tvvc,1,KTC-1144,catclayton
2017-06-30,HYuj8xJpVRb1Wytu,1,KTC-1723,ccbcc-drivers
2017-06-30,Hk86as0sjRvgk4xL,1,KTC-1628,catreman
2017-06-30,HoXhInUZzCMhcvzq,1,KTC-1890,ccbcc-warehouse
2017-06-30,HvgVcPxdZcFRJr0u,1,KTC-1149,catclayton
2017-06-30,HyoisRijHMyWxVQp,1,KTC-1151,catclayton
2017-06-30,I2wvNuvBJyzgrv1c,1,KTC-1858,ccbcc-warehouse
2017-06-30,I6m6HAcF39j8ceRH,2,KTC-1391,cumminswarehouse
2017-06-30,IQBt5mZuAYbLC7wM,2,KTC-1389,cumminswarehouse
2017-06-30,ISjqKHri4Q303CkB,1,KTC-1700,catreman
2017-06-30,IXsT5xqhLA3745QD,1,KTC-1681,catreman
2017-06-30,IYMwtdqLuRmp8lQi,1,KTC-1686,catreman
2017-06-30,IjjlJ1cl9wY58PZU,1,KTC-1847,ccbcc-warehouse
2017-06-30,IkOesySOg9C0Bbpk,1,KTC-1367,mcmaster
2017-06-30,IoJ4HD8lZLN1kYgo,2,KTC-1238,cintasgb
2017-06-30,IyqaqHXBUXycz0ZC,1,KTC-1365,syscoboston
2017-06-30,J3r0OK5680BQ74bF,1,KTC-1720,ccbcc-drivers
2017-06-30,J5EnXVzlCeGqF2Pe,1,KTC-1090,catwamego
2017-06-30,JMeWirPq2WoJnTBm,1,KTC-1617,catreman
2017-06-30,JPpKmh3VjMSenuB3,1,KTC-1633,catreman
2017-06-30,JaEjWnpVHMROpfTS,1,KTC-1738,ccbcc-drivers
2017-06-30,Je2RB8uTsOJck6g1,1,KTC-1384,catreman
2017-06-30,KXTEbVaP3i1UFqyx,1,KTC-1639,catreman
2017-06-30,KcMbK7F2WfVCvRnr,1,KTC-1635,catreman
2017-06-30,KcTmKjPRILevVsAb,1,KTC-1873,ccbcc-warehouse
2017-06-30,Kxt8dgoqZy4UiGBi,1,KTC-1809,ccbcc-warehouse
2017-06-30,L6tsxudRI30zzaBq,1,KTC-1683,catreman
2017-06-30,LDI2K7T4mytvpvE1,1,KTC-1703,catreman
2017-06-30,LPBOFabPS05whmxw,1,KTC-1657,catreman
2017-06-30,LSuqIUKXsjSu60D2,1,KTC-1832,ccbcc-warehouse
2017-06-30,LTwcJ2yDKEhGvFm5,1,KTC-1383,catreman
2017-06-30,LeXKYu67ylo3vsCR,1,KTC-1353,syscoboston
2017-06-30,LpJW6jY78z0wbE10,2,KTC-1201,irmshred
2017-06-30,M1CbXK4IRK6kGQZr,1,KTC-1643,catreman
2017-06-30,MT0ufIFASKBx69lJ,2,KTC-1722,ccbcc-drivers
2017-06-30,MWhulgoirKaT0XX4,1,KTC-1618,catreman
2017-06-30,MYgBcFL7A2hEiE3i,1,KTC-1821,ccbcc-warehouse
2017-06-30,Mh9wYJOhxdEMA2ns,1,KTC-1336,syscoboston
2017-06-30,MkTnHjcpcepJ7YIT,1,KTC-1814,ccbcc-warehouse
2017-06-30,Mx4SjoTQYRos3xfl,10,KTC-1248,cintasgb
2017-06-30,MxwwNyTPsXCMaH2v,2,KTC-1746,ccbcc-drivers
2017-06-30,N6EcuzzmSPxu6pyG,2,KTC-1164,irmshred
2017-06-30,N954Bq2HSJoi1Ao2,1,KTC-1822,ccbcc-warehouse
2017-06-30,NJa2MdqS4jN3MknF,1,KTC-1716,catreman
2017-06-30,NZMJOvXS32DIq0uh,1,KTC-1142,catclayton
2017-06-30,O7PoNMLAKEBdKwAN,1,KTC-1860,ccbcc-warehouse
2017-06-30,OBEGN7LZJWg1CMsR,1,KTC-1650,catreman
2017-06-30,OFcGK2TYwFJueXhW,1,KTC-1824,ccbcc-warehouse
2017-06-30,ONONETM0B1rjbz8u,1,KTC-1685,catreman
2017-06-30,OUGdC4lWUf2Jnb1h,1,KTC-1084,catwamego
2017-06-30,OXGQTKjHLqKfuFbb,2,KTC-1742,ccbcc-drivers
2017-06-30,OiQL6Kn87EmDBBd6,5,KTC-1849,ccbcc-warehouse
2017-06-30,OiYyqGm9Fa4gdCLd,7,KTC-1889,ccbcc-warehouse
2017-06-30,OoXtxScJrZpWSTVY,1,KTC-1897,ccbcc-warehouse
2017-06-30,Opo4aBNmrY50e933,7,KTC-1799,ccbcc-drivers
2017-06-30,P0UP2rjuRjTUJm7b,1,KTC-1846,ccbcc-warehouse
2017-06-30,P80mJ6zQLtMMnl1S,2,KTC-1127,irmshred
2017-06-30,PAK0WLh4dUMLRvh1,1,KTC-1825,ccbcc-warehouse
2017-06-30,PEHBbghFyncAY20S,2,KTC-1719,ccbcc-drivers
2017-06-30,PpJYoXFr05GLig5G,1,KTC-1662,catreman
2017-06-30,Q1y9ndPinDlzY4pw,1,KTC-1879,ccbcc-warehouse
2017-06-30,Q3GwimHWStq94LvM,2,KTC-1158,irmshred
2017-06-30,Q3VJHIKuD8BvMkHE,1,KTC-1653,catreman
2017-06-30,Q9T7SBbRe2Aw4zNv,1,KTC-1701,catreman
2017-06-30,QSlAb1vbPm5CTitO,1,KTC-1791,ccbcc-drivers
2017-06-30,QZJpIQjJSVqtnPfS,1,KTC-1749,syscoboston
2017-06-30,QwMqh2wmTjFsuZ8F,1,KTC-1798,ccbcc-drivers
2017-06-30,RLMY2c2L8RmxRCFp,1,KTC-1195,irmshred
2017-06-30,RRAwSLR2KqbTB0Zp,2,KTC-1761,ccbcc-drivers
2017-06-30,RddVUhCLDc5Y9Ig4,10,KTC-1762,ccbcc-drivers
2017-06-30,RepIOek3pYjjtJM1,1,KTC-1108,irmshred
2017-06-30,RkxJCCiKpc5ExJ4J,1,KTC-1777,ccbcc-drivers
2017-06-30,SQppaGfLpXhu90ue,1,KTC-1078,catwamego
2017-06-30,SpCHextsJwDMUrUg,1,KTC-1826,ccbcc-warehouse
2017-06-30,StfiVwoKWs1TnstK,1,KTC-1807,ccbcc-warehouse
2017-06-30,SxOi1Q5cXXFCicuJ,1,KTC-1818,ccbcc-warehouse
2017-06-30,TFfHBUvDrT0A5ZED,1,KTC-1631,catreman
2017-06-30,TU8dEDhTjmQ43iWY,1,KTC-1329,catreman
2017-06-30,TiYEoErSIixhWbTO,1,KTC-1800,ccbcc-drivers
2017-06-30,TwThJBQrsbYVjrsC,1,KTC-1630,catreman
2017-06-30,U1o1CWWgfT9SW22L,1,KTC-1145,catclayton
2017-06-30,UNsaXXcZ5NjY8VLK,1,KTC-1655,catreman
2017-06-30,UQsE5jjJrsEMZDWc,1,KTC-1239,cintasgb
2017-06-30,UUY9QICkqwJSU6TO,1,KTC-1673,cumminswarehouse
2017-06-30,UdRDEXIthQ1qb6uk,1,KTC-1714,catreman
2017-06-30,UmI9AGvuPty1TbSN,1,KTC-1779,ccbcc-drivers
2017-06-30,Uqzch5fshhe480k5,2,KTC-1204,irmshred
2017-06-30,UrJKfq9y2Ugc7F09,1,KTC-1674,catreman
2017-06-30,V09Y5tvAVoSG9Erb,1,KTC-1131,irmshred
2017-06-30,V0QUHAYcm6BqU2b0,1,KTC-1386,cumminswarehouse
2017-06-30,VMPy1xwIOIBFkKnj,1,KTC-1766,ccbcc-drivers
2017-06-30,VhwLsXBqoqTtRHkL,1,KTC-1086,catwamego
2017-06-30,VwcTSvfm7U4eY0wp,1,KTC-1147,catclayton
2017-06-30,W80S12XGG6O6Arsb,1,KTC-1839,ccbcc-warehouse
2017-06-30,WLWg87DdbjFffyl3,2,KTC-1769,ccbcc-drivers
2017-06-30,WkNiXONvWQuHfmsX,1,KTC-1620,catreman
2017-06-30,WmB6N7JrHJP2z4v7,2,KTC-1132,irmshred
2017-06-30,WuhgknoYbuPDLtmQ,1,KTC-1702,catreman
2017-06-30,Xb32ZivscxmCoMqG,1,KTC-1091,catwamego
2017-06-30,XhMKqdJAXYigpOto,1,KTC-1736,ccbcc-drivers
2017-06-30,XrF95duVnGs88iCG,1,KTC-1640,catreman
2017-06-30,XxYVgbXYm92hdgpA,1,KTC-1837,ccbcc-warehouse
2017-06-30,Y1etB3LRGBf8saWy,1,KTC-1789,ccbcc-drivers
2017-06-30,Y20jbJFnNdpBJvIj,2,KTC-1110,irmshred
2017-06-30,YF4YDU4sPbzsheip,1,KTC-1817,ccbcc-warehouse
2017-06-30,YX43ayDTVDtcuQci,2,KTC-1382,mcmaster
2017-06-30,YpYXzJVYR8i45wQJ,16,KTC-1760,ccbcc-drivers
2017-06-30,YrkaXv9bBW1ySEN1,1,KTC-1828,ccbcc-warehouse
2017-06-30,YxCQBOmbaGvf8v9z,2,KTC-1197,irmshred
2017-06-30,YyIa5kON8hurYYJ3,1,KTC-1153,catclayton
2017-06-30,aD1obGpqC1rEPzvR,19,KTC-1783,ccbcc-drivers
2017-06-30,aEHDYJFPVNNc2ZJQ,1,KTC-1794,ccbcc-drivers
2017-06-30,aPQCjvx3sigVFtOV,2,KTC-1797,ccbcc-drivers
2017-06-30,aQewmrVzsgev4ZfI,1,KTC-1107,irmshred
2017-06-30,al5mEIpBc47WeUuu,2,KTC-1387,cumminswarehouse
2017-06-30,an70hg53xUAZ5Vct,1,KTC-1105,catwamego
2017-06-30,anlp3Q72VxBZ8Fkz,1,KTC-1085,catwamego
2017-06-30,bE9t9YjgI8vKq5Ok,1,KTC-1676,catreman
2017-06-30,bH0PYKR6fFUw2ue2,1,KTC-1088,catwamego
2017-06-30,bUvKevITXmGITKDI,1,KTC-1080,catwamego
2017-06-30,bXDc3i8kkGub2yGU,1,KTC-1713,catreman
2017-06-30,bdeOLve9kNHRgctj,1,KTC-1642,catreman
2017-06-30,c1Nj3oYogQt4Kr5s,1,KTC-1221,cintasgb
2017-06-30,c8IEygEwOTbEqccv,1,KTC-1898,ccbcc-warehouse
2017-06-30,cMMxDgegrOxJZUAN,2,KTC-1785,ccbcc-drivers
2017-06-30,ccLcyqaBVwhVaieu,7,KTC-1396,catreman
2017-06-30,ck1CArY76D4Kq54t,1,KTC-1886,ccbcc-warehouse
2017-06-30,ctoK5sRyHXHt9xML,3,KTC-1735,ccbcc-drivers
2017-06-30,czb0WEarn2RgNKgD,4,KTC-1764,ccbcc-drivers
2017-06-30,dFKZrgaSaAD9amA3,1,KTC-1687,catreman
2017-06-30,dlgPcJbQa6trkP5A,1,KTC-1831,ccbcc-warehouse
2017-06-30,eBlYRG04KGyMtNpl,1,KTC-1340,syscoboston
2017-06-30,eCrM9Pm9NqwGCyOG,2,KTC-1159,irmshred
2017-06-30,eDKudM5MqUocstKx,1,KTC-1813,ccbcc-warehouse
2017-06-30,edhnmuBbCHw8zbOQ,1,KTC-1141,catclayton
2017-06-30,ehZhhTPIBUoMXnFW,1,KTC-1892,ccbcc-warehouse
2017-06-30,ejC7ryI5wQMDwhF2,1,KTC-1652,catreman
2017-06-30,emHRFqtWAtQSz0vG,2,KTC-1126,irmshred
2017-06-30,emJLOB8Y6MvtjutC,1,KTC-1691,catreman
2017-06-30,epyDTAgd0Y75Fysg,1,KTC-1882,ccbcc-warehouse
2017-06-30,etd0mlJd2gDeSIAE,1,KTC-1727,ccbcc-drivers
2017-06-30,fB4iyPmCdLilBEWm,1,KTC-1125,irmshred
2017-06-30,fH4LLom1IfPvR7rA,1,KTC-1626,catreman
2017-06-30,fIPNxhkqosGAwb9l,1,KTC-1627,catreman
2017-06-30,fiyBHZYP8h4K34W8,1,KTC-1632,catreman
2017-06-30,fy2D5vbI0R5EpY7T,1,KTC-1840,ccbcc-warehouse
2017-06-30,g1CtQTpQGssK17vB,1,KTC-1081,catwamego
2017-06-30,g1XDOm5Xjk4OYkYP,1,KTC-1089,catwamego
2017-06-30,gFxOoITVBgvXDwzH,1,KTC-1667,cumminswarehouse
2017-06-30,gMhzAJNILvBEJ4JP,1,KTC-1252,cintasgb
2017-06-30,gPY0zhpL66rVuewT,1,KTC-1869,ccbcc-warehouse
2017-06-30,gTgq5UmOn4IUJHaX,1,KTC-1752,syscoboston
2017-06-30,gfhn5lUtnybRfxqd,1,KTC-1748,syscoboston
2017-06-30,gfpPjXYCb4bzUUrq,1,KTC-1693,catreman
2017-06-30,gfzonm4VZd9eX0zP,1,KTC-1319,cumminswarehouse
2017-06-30,ggFcp6bqitz9H1za,1,KTC-1139,catclayton
2017-06-30,hT6Vx9GGSOZgca6T,1,KTC-1741,ccbcc-drivers
2017-06-30,hUOb0ghy1lD0wa5C,1,KTC-1815,ccbcc-warehouse
2017-06-30,hVrZIFHjZcdITvcZ,3,KTC-1157,irmshred
2017-06-30,hX6WYQfzr7QNifGo,1,KTC-1082,catwamego
2017-06-30,i7hYg3SOMysvwWYE,1,KTC-1659,catreman
2017-06-30,iIy6ftpJBMxBAWnx,1,KTC-1733,ccbcc-drivers
2017-06-30,iPXDCmkpGxxYuIa9,1,KTC-1848,ccbcc-warehouse
2017-06-30,iQOCAPKMPGe5hbN7,1,KTC-1808,ccbcc-warehouse
2017-06-30,ihQiXCArrIKpcAvv,4,KTC-1113,irmshred
2017-06-30,iiDiCF1MzjEBNBvp,2,KTC-1165,irmshred
2017-06-30,jROwPvnZTxmPSbm4,1,KTC-1316,cumminswarehouse
2017-06-30,jXkPZYQNXPdRH30D,2,KTC-1394,cumminswarehouse
2017-06-30,jfgE54EqweSgarH6,1,KTC-1103,catwamego
2017-06-30,jstw66KQC06W4nTB,1,KTC-1349,mcmaster
2017-06-30,k4BwgCldV6cTyXUB,1,KTC-1717,ccbcc-drivers
2017-06-30,kKG7WVCRwI4BC4JT,1,KTC-1771,ccbcc-drivers
2017-06-30,kekfSKHFJPfgmnDj,1,KTC-1348,mcmaster
2017-06-30,kiDaTIMtkFGACmKs,1,KTC-1705,catreman
2017-06-30,kkG8k7e4gHMuGX0f,1,KTC-1621,catreman
2017-06-30,klPKsk1QZnky9hxu,2,KTC-1345,mcmaster
2017-06-30,lG3oK9bgpdpacuzd,1,KTC-1317,cumminswarehouse
2017-06-30,mBW3TotxRjjxLIO2,2,KTC-1792,ccbcc-drivers
2017-06-30,mPJ2120JWilFWqyp,1,KTC-1668,cumminswarehouse
2017-06-30,mU9ANrJnxqOAVP1S,8,KTC-1403,catreman
2017-06-30,mlYw3hcVsqDXPqbg,4,KTC-1237,cintasgb
2017-06-30,mnRpAlajk2A2SLEs,1,KTC-1732,ccbcc-drivers
2017-06-30,mqD23pStOiODQYSQ,1,KTC-1101,catwamego
2017-06-30,n9IVLucEONF9J6oY,1,KTC-1891,ccbcc-warehouse
2017-06-30,nC1T6K2M4vrnD2xT,1,KTC-1207,irmshred
2017-06-30,nOqYVbvujO6OecKR,2,KTC-1355,mcmaster
2017-06-30,nWbVFsA9AsA1XUCt,1,KTC-1854,ccbcc-warehouse
2017-06-30,nZjh4uV4O4wndrV4,1,KTC-1623,catreman
2017-06-30,nqajhtBnlqbtrubM,1,KTC-1845,ccbcc-warehouse
2017-06-30,o72ICinzIg7SwvOX,1,KTC-1625,catreman
2017-06-30,oDLOLZPLIcu2rDwI,1,KTC-1699,catreman
2017-06-30,oJ3LKiVZYpk1vGNu,2,KTC-1198,irmshred
2017-06-30,oRqxI3B5jFqyyH2B,4,KTC-1852,ccbcc-warehouse
2017-06-30,ocJnqwuskxw4rnzK,2,KTC-1199,irmshred
2017-06-30,ofa4gVPgJPWf68IM,2,KTC-1745,ccbcc-drivers
2017-06-30,p8uNfrtJZQuXVTER,1,KTC-1038,catwamego
2017-06-30,pAUd9FTwraKYz8JW,8,KTC-1390,catreman
2017-06-30,pRsqjHpgUbWaf0ar,1,KTC-1645,catreman
2017-06-30,pWBAAFjKQas2uYQn,2,KTC-1726,ccbcc-drivers
2017-06-30,pasVqyB5oDdwz0Km,1,KTC-1154,catclayton
2017-06-30,pgzmmgSJl5yMBTid,1,KTC-1124,irmshred
2017-06-30,pw2yAlmspoXfNCZW,1,KTC-1156,catclayton
2017-06-30,qUWx3h8vlBKgc0E3,2,KTC-1326,mcmaster
2017-06-30,qcAE0MPxrSxwZDZo,2,KTC-1116,irmshred
2017-06-30,qvMuJKUXVUXKgyWf,4,KTC-1249,cintasgb
2017-06-30,rGIIEqEheJupUTld,1,KTC-1665,catreman
2017-06-30,rWANKyYchaOucFpr,12,KTC-1730,ccbcc-drivers
2017-06-30,rnvW2BXX1j15XHkQ,1,KTC-1083,catwamego
2017-06-30,ry7v01zSTG0MfM1p,1,KTC-1641,catreman
2017-06-30,sAud2F4zkd5gLEYn,2,KTC-1776,ccbcc-drivers
2017-06-30,sE3XqrWjd8dJWjnd,2,KTC-1136,irmshred
2017-06-30,sShTLWuJnYhO6LO4,1,KTC-1724,ccbcc-drivers
2017-06-30,sYLcrD31CWVqjekb,1,KTC-1666,cumminswarehouse
2017-06-30,seSgyb47sujaj2tk,9,KTC-1405,catreman
2017-06-30,slF6K4ukcpuIoGUJ,1,KTC-1122,irmshred
2017-06-30,sxb0eYI5KbFvhgWq,2,KTC-1135,irmshred
2017-06-30,tGXxwgUE2SXBTNyW,2,KTC-1189,irmshred
2017-06-30,tg9SkIWUvMYxCFYk,1,KTC-1622,catreman
2017-06-30,tgrYjy4z4bb3ETTb,1,KTC-1698,catreman
2017-06-30,ti2UUvNvMTllZ5yG,1,KTC-1679,catreman
2017-06-30,tjEwsgMvxWYYKVti,1,KTC-1140,catclayton
2017-06-30,tltDOIaCiK64clNB,2,KTC-1111,irmshred
2017-06-30,u4ifblGQ9nCcTs1l,1,KTC-1332,syscoboston
2017-06-30,uKRciPebLqDElOYN,1,KTC-1688,catreman
2017-06-30,uWaKElnpGxLM5xNr,1,KTC-1862,ccbcc-warehouse
2017-06-30,ullclMyO9mNehemW,1,KTC-1888,ccbcc-warehouse
2017-06-30,urVbjB2ApPEOkzhr,1,KTC-1660,catreman
2017-06-30,vGsMEYjesP6XiuoP,2,KTC-1853,ccbcc-warehouse
2017-06-30,vWvlehxJmdk10p5W,1,KTC-1096,catwamego
2017-06-30,vmzp6OgKcN6bO9nW,2,KTC-1734,ccbcc-drivers
2017-06-30,w8rQFkn6GPSbqz1Z,1,KTC-1315,cumminswarehouse
2017-06-30,wKt3RFQgy6KMlJFg,1,KTC-1115,irmshred
2017-06-30,wOuB1mvuy11gv3rU,2,KTC-1744,ccbcc-drivers
2017-06-30,wQ3TkqXh4LVSsB9N,1,KTC-1708,catreman
2017-06-30,wpLEnrjTPweUUnEd,1,KTC-1166,irmshred
2017-06-30,wwVLsmzHoL3ZoHHO,1,KTC-1756,syscoboston
2017-06-30,x014qAVM46fFsZFN,1,KTC-1684,catreman
2017-06-30,x7PZ8x42gPT09YU3,1,KTC-1150,catclayton
2017-06-30,xI3AMJeGCjuaHZOe,1,KTC-1863,ccbcc-warehouse
2017-06-30,xJWgyFdAdsdbbbaB,1,KTC-1334,syscoboston
2017-06-30,xTbNAm8eGWRrAwe1,1,KTC-1112,catwamego
2017-06-30,xilQBMd8i4cCsk54,1,KTC-1704,catreman
2017-06-30,xl2DjWmxy4HrMjj7,1,KTC-1806,ccbcc-warehouse
2017-06-30,xvDfRPnV4q0igl86,1,KTC-1750,syscoboston
2017-06-30,yEyv52S74BCtOcs1,1,KTC-1707,catreman
2017-06-30,ySCfHJ9zPp82NmEW,1,KTC-1138,catclayton
2017-06-30,yXryOwPvKPpnLeTt,1,KTC-1739,ccbcc-drivers
2017-06-30,yZQYGTbpvIEnXatc,1,KTC-1087,catwamego
